spotify_id,name,followers,popularity,genres,chart_hits
48WvrUGoijadXXCsGocwM4,Byklubben,1738.0,24,"['nordic house', 'russelater']",['no (3)']
4lDiJcOJ2GLCK6p9q5BgfK,Kontra K,1999676.0,72,"['christlicher rap', 'german hip hop']","['at (44)', 'de (111)', 'lu (22)', 'ch (31)', 'vn (1)']"
652XIvIBNGg3C0KIGEJWit,Maxim,34596.0,36,[],['de (1)']
3dXC1YPbnQPsfHPVkm1ipj,Christopher Martin,249233.0,52,"['dancehall', 'lovers rock', 'modern reggae', 'reggae fusion']","['at (1)', 'de (1)']"
74terC9ol9zMo8rfzhSOiG,Jakob Hellman,21193.0,39,"['classic swedish pop', 'norrbotten indie', 'swedish pop']",['se (6)']
0FQMb3mVrAKlyU4H5mQOJh,Madh,26677.0,19,[],['it (2)']
71BhXa24Zf5zcikUb00l2N,Juice,11312.0,37,"['swedish drill', 'swedish hip hop', 'swedish trap', 'swedish trap pop']",['se (4)']
3TG1RXLaEhHz5SIPMWahit,Nehuda,36252.0,31,['francoton'],['fr (1)']
7MFvm8pwjLdmVBZddGNiQH,VovaZiLvova,14619.0,43,"['ukrainian hip hop', 'ukrainian pop', 'ukrainian rock']",['ua (1)']
5I82NM6jN4Y267iHwVeNR9,Nata Record,188.0,12,[],['do (1)']
5OkJ74jazRprW3kCTjfgOL,Yomi,7246.0,30,['norwegian pop rap'],['no (2)']
6swIRY9NcGlW0PwO5KlqKV,Kauniit & Uhkarohkeat,798.0,9,['suomi rock'],['fi (2)']
5qBZETtyzfYnXOobDXbmcD,Danny Elfman,327256.0,63,"['orchestral soundtrack', 'soundtrack']","['pl (2)', 'pt (2)', 'tw (1)']"
0AjnB78SikKKhqYoqFIOXn,Attractions,11174.0,21,['japanese dance pop'],['jp (1)']
5RYLofQHxZcrEl9Bl23MCS,MaRina,6408.0,29,[],['pl (1)']
3xs0LEzcPXtgNfMNcHzLIP,Rockwell,40344.0,58,[],"['us (1)', 'gb (1)', 'at (1)', 'be (1)', 'ca (1)', 'ee (1)', 'de (1)', 'is (1)', 'ie (1)', 'lv (1)', 'lt (1)', 'sk (1)']"
4kYtSSCtizbVfZkgAj4Xbe,Cosmos Insania,17.0,0,[],['hn (3)']
2tGETO39QXKpmeQMSzr5I6,Pálmi Gunnarsson,3207.0,27,"['classic icelandic pop', 'icelandic pop', 'icelandic rock']",['is (4)']
5mjhFqCEMhIwO4ZOYlycHH,GeeSixFive,517.0,0,[],['za (1)']
6cd9X2t4HN8zjoxOblaDTz,Suur Papa,6752.0,29,"['estonian hip hop', 'estonian pop']",['ee (3)']
2NUz5P42WqkxilbI8ocN76,Vybz Kartel,1026598.0,63,"['dancehall', 'jamaican dancehall', 'reggae fusion']","['cr (3)', 'pa (1)']"
3PGwQavDRylE3cEDRRISYV,CAMO,394.0,10,[],['dk (2)']
4Lm0pUvmisUHMdoky5ch2I,Apocalyptica,864846.0,60,"['alternative metal', 'bow pop', 'cello', 'finnish metal', 'nu metal']",['fi (2)']
6M2wZ9GZgrQXHCFfjv46we,Dua Lipa,36163788.0,88,"['dance pop', 'pop', 'uk pop']","['us (17)', 'gb (25)', 'ar (18)', 'au (20)', 'at (14)', 'be (23)', 'bo (10)', 'br (18)', 'bg (24)', 'ca (19)', 'cl (16)', 'co (18)', 'cr (18)', 'cy (21)', 'cz (17)', 'dk (17)', 'do (9)', 'ec (9)', 'eg (13)', 'sv (19)', 'ee (24)', 'fi (22)', 'fr (12)', 'de (14)', 'gr (22)', 'gt (12)', 'hn (18)', 'hk (19)', 'hu (24)', 'is (12)', 'in (6)', 'id (13)', 'ie (24)', 'il (12)', 'it (11)', 'jp (9)', 'lv (18)', 'lt (24)', 'lu (20)', 'my (16)', 'mt (20)', 'mx (18)', 'ma (6)', 'nl (20)', 'nz (19)', 'ni (18)', 'no (16)', 'pa (15)', 'py (9)', 'pe (16)', 'ph (18)', 'pl (23)', 'pt (21)', 'ro (18)', 'ru (6)', 'sa (10)', 'sg (21)', 'sk (23)', 'za (5)', 'kr (6)', 'es (18)', 'se (14)', 'ch (14)', 'tw (18)', 'th (11)', 'tr (12)', 'ua (6)', 'ae (15)', 'uy (15)', 'vn (19)']"
3W78vKR2pmGmYbtNDnN9kl,Akky,35.0,1,[],"['ca (1)', 'in (1)']"
0SIXZXJCAhNU8sxK0qm7hn,Stefanie Sun,561300.0,57,"['c-pop', 'mandopop', 'singaporean mandopop', 'singaporean pop', 'singaporean singer-songwriter']","['hk (2)', 'sg (3)', 'tw (36)']"
7jXoGtR69J2iYCefc58MZX,Twins,92440.0,45,"['c-pop', 'cantopop']",['hk (3)']
2sjnyyL9NXijL3Fr2eLikf,Aspova,339292.0,57,"['turkish hip hop', 'turkish trap pop']",['tr (12)']
2bPh6UXbS7wZ7tyN35kFEG,Artistic Raw,7088.0,40,['dutch house'],['nl (1)']
7yaaxrkMOWJZXpIYHkppDH,Angela Ken,30050.0,45,['pinoy singer-songwriter'],['ph (1)']
63vwPO1QheUOil1fkQsv0u,Labanoon,498739.0,44,"['thai folk rock', 'thai rock']",['th (2)']
4JNo6Q5KdcRf1vtSX9mB0S,João Gomes,4122782.0,74,['arrocha'],"['br (16)', 'py (1)', 'pt (1)']"
7pnSkMU0hGGIay6tPvbsCo,Khea,296.0,0,[],"['ar (1)', 'bo (1)', 'cl (1)', 'py (1)', 'uy (1)']"
68fwnXPTQaiMV7rKvSkTYQ,Daniela Reyes,2348.0,25,"['norwegian contemporary jazz', 'norwegian indie']",['no (1)']
5Matrg5du62bXwer29cU5T,Benny The Butcher,266547.0,64,"['boom bap', 'buffalo hip hop', 'hip hop', 'rap', 'upstate ny rap']","['us (1)', 'ca (1)', 'za (1)']"
0qZ24TkLCHoE3ajCzGItJ1,Sharmoofers,453284.0,37,"['arab alternative', 'egyptian alternative', 'egyptian pop']",['eg (8)']
4e0nWw2r4BoQSKPQ2zpU13,Ray Dalton,39139.0,71,['uk pop'],"['at (1)', 'be (1)', 'fr (1)', 'de (1)', 'lu (1)', 'pl (1)', 'sk (1)', 'ch (1)']"
1EUmQM6xgUQLUkJVcvSdey,Orange & Lemons,774079.0,56,"['opm', 'pinoy indie', 'pinoy rock']",['ph (2)']
0H1pP8C4zaVSilRjiRa2Wy,D1NO,19269.0,48,['german hip hop'],['de (1)']
2HmmA3GhP0xsbRUiDllJUn,Pep & Rash,77599.0,39,"['dutch edm', 'electro house', 'future house', 'house']","['gb (1)', 'ar (1)', 'ie (1)', 'mx (1)', 'nl (2)', 'tw (1)']"
2xIWjLEjEkPdclYsGGMTpK,B10,80926.0,45,['drill espanol'],['es (1)']
4RA4PC3WHM9OHZLExirTcU,APO Hiking Society,619169.0,56,"['classic opm', 'opm']",['ph (2)']
2AZOALDIBORfbzKTuliwdJ,Cristian Castro,2620684.0,69,"['latin arena pop', 'latin pop']","['ar (1)', 'mx (1)']"
7IpcJM0UZeU4b2SV9YRCqx,Alika,28254.0,0,[],['id (1)']
3V79CTgRnsDdJSTqKitROv,Nobuo Uematsu,264682.0,61,"['anime score', 'chiptune', 'final fantasy', 'japanese classical', 'japanese vgm', 'orchestral soundtrack', 'video game music']",['sa (1)']
7jZMxhsB8djyIbYmoiJSTs,Kiana Ledé,1351452.0,64,"['chill r&b', 'dance pop', 'pop', 'pop r&b', 'r&b', 'rap', 'urban contemporary']","['cy (1)', 'id (1)', 'lt (1)', 'mt (1)', 'no (1)']"
15NoI73ol1fVF11li1RKMB,Nick Lopez,3252.0,31,[],['lu (1)']
6HHje5tfmzWK8PsSaoJ9Xp,SAMSONS,887275.0,57,"['indonesian pop', 'indonesian pop rock']","['id (3)', 'my (1)']"
6pUYaWjHnY2HdN6RC6ELml,Total Ape,3330.0,34,[],['se (1)']
2L6UrPU37b4pCVWqURjkEX,DON EAZY,1210.0,28,['danish hip hop'],['dk (1)']
1IQ4CjwKkdARjL5KtYiMt4,Ez Mil,68207.0,44,"['pinoy hip hop', 'pinoy trap', 'tagalog rap']","['ph (1)', 'ae (1)']"
0t7vWPRBcVv4xBEHPZHSWA,Sitti,74147.0,47,['opm'],['ph (1)']
6bOZtDVI19rOqC4NWihcea,Los Pikantes,7752.0,33,['plena uruguaya'],['uy (2)']
4XC335ouK6pXyq4QiIb8bP,Eliza Rose,12038.0,69,[],"['gb (2)', 'au (2)', 'at (1)', 'be (1)', 'cy (1)', 'dk (1)', 'ee (1)', 'fi (1)', 'de (1)', 'is (1)', 'ie (2)', 'lv (1)', 'lt (2)', 'lu (1)', 'nl (1)', 'nz (1)', 'no (1)', 'sk (1)', 'se (1)', 'ch (1)']"
0LyOADBjj28cbvJWTXUEGA,Loren Allred,111839.0,58,"['deep talent show', 'hollywood', 'movie tunes']","['us (1)', 'gb (2)', 'au (2)', 'at (1)', 'cz (1)', 'do (1)', 'ee (1)', 'hk (2)', 'hu (1)', 'is (1)', 'id (2)', 'ie (2)', 'jp (2)', 'my (2)', 'mt (2)', 'mx (1)', 'nz (1)', 'no (1)', 'pa (1)', 'ph (2)', 'pt (1)', 'sg (2)', 'es (1)', 'se (1)', 'tw (2)']"
3JCyEziWwDZksR1WY8EckM,Darío Gómez,444728.0,58,"['classic colombian pop', 'folclor colombiano', 'musica popular colombiana']",['co (6)']
6Xg22wJOAcnvPUfk5WvODH,JEON SOYEON,626827.0,56,['k-pop'],['kr (1)']
2Dxbev9hZzbiEEwocnObzH,Faul,16673.0,36,['tropical house'],"['ee (1)', 'hu (1)', 'lv (1)', 'lt (1)', 'ph (1)', 'sg (1)']"
70x9rYb58QCNNeNxuO3StS,Bruno & Barretto,2455856.0,60,"['sertanejo', 'sertanejo pop', 'sertanejo universitario']",['br (1)']
1tKrZaph4cLsnEdqC5BNEQ,Clayton & Romário,101804.0,67,"['arrocha', 'sertanejo', 'sertanejo pop', 'sertanejo universitario']",['br (3)']
6IzWNWChYAg3JifycyUluR,Janne Koivunen,125.0,4,[],['fi (1)']
0l8SbtNnklnNXq8RZC3YLy,Grailz Beni,4446.0,43,"['sad lo-fi', 'slowed and reverb']",['sa (1)']
6pZzHAdfBLIEkQVRUhB8ps,Cakra Khan,532592.0,52,['indonesian pop'],"['id (2)', 'my (2)']"
15tTVhFpH8EFXeDgO9xkRO,Trey Lewis,78275.0,56,"['contemporary country', 'country pop']",['us (1)']
5YxFBIX6yyncauK1DmRPY7,Antti Ketonen,5466.0,32,"['finnish pop', 'iskelma']",['fi (7)']
4FlKPhukcfvgdRVi4lUeji,Danni,10436.0,29,['danish hip hop'],['dk (9)']
2tY2GFdhH0Wa2VBvsxew5X,Alex Ubago,1928777.0,64,"['latin arena pop', 'latin pop', 'spanish pop', 'spanish pop rock']","['ar (2)', 'co (1)', 'mx (1)', 'es (1)']"
4XDBGHRPftnFVN98aR9hVZ,Jülevenner,55.0,3,[],['is (1)']
74TiOlvcz5OvCDBmOdfiyG,Apollon,51.0,19,[],['sa (1)']
4u5rOZ3ecm8hFzCskgOEw3,Innertier,19208.0,38,['norwegian pop'],['no (8)']
7sjRnhONmeFL1tmlUvdq70,Fractures,35028.0,39,['vapor soul'],['fr (1)']
0OYspJRShx3Yx7QIykOJgq,OG Ulla-Maija,20313.0,39,"['finnish dance pop', 'finnish hip hop', 'suomirap']",['fi (7)']
5uO0iSpH2o5KCJfJI3oF2p,Pekka Ruuska,2779.0,33,"['classic finnish pop', 'classic iskelma']",['fi (1)']
3VQDqjQ4wJyw8PzpGdlZpB,Colde,319488.0,56,"['chill r&b', 'korean r&b']",['kr (1)']
3LVYHgfHgCTy3QSRt5kKQg,Rasster,8930.0,49,[],"['ca (1)', 'no (1)']"
15KLH07gPcD01t7gy4PBFu,Kobi Peretz,83580.0,39,"['israeli mediterranean', 'mizrahi']",['il (1)']
6LBCQo20ri3tsvbsWWLmr6,Powderfinger,396457.0,57,"['australian alternative rock', 'australian pop', 'australian rock', 'pop rock']",['au (1)']
4rAHyaEQmeABTKj0Rjok4V,DJ Travesura,25033.0,31,['guaracha'],"['ar (1)', 'uy (1)']"
29OFoMngbkNzwla2kczgdu,Leila AD,70114.0,44,"['francoton', 'pop urbaine']",['fr (1)']
1s0U0EGo1JZZLMk3PMvmAX,Jonzmen,140.0,0,[],['do (1)']
4N874uPqBka1QiCvnCVOtr,Phoebe Ryan,339160.0,55,"['alt z', 'electropop', 'indie electropop', 'indie poptimism', 'uk pop']","['us (1)', 'au (1)', 'be (1)', 'ca (1)', 'cz (1)', 'hk (1)', 'ie (1)', 'my (1)', 'nz (1)', 'no (2)', 'ph (1)', 'pl (1)', 'sg (1)', 'ch (1)', 'tw (1)', 'tr (1)']"
71hQB5jxdNiHk5gzZRhicQ,Sonoko Inoue,203114.0,55,"['anime rock', 'j-pop', 'japanese singer-songwriter']",['jp (1)']
0W6YzWeMAORHYzwdGsU1Y2,ЛЯЛЬКА,9025.0,35,['zhenskiy rep'],"['ru (1)', 'ua (1)']"
7siPnM6FjNP8KnXO5YDwAH,Mente Fuerte,175840.0,53,"['greek hip hop', 'greek pop', 'greek trap']","['cy (8)', 'gr (34)']"
02qlwM8fpqep7vX8KKEFmK,LA Vision,7721.0,51,[],"['at (1)', 'cz (1)', 'ee (1)', 'fi (1)', 'de (1)', 'hu (1)', 'it (1)', 'lv (1)', 'lt (1)', 'lu (1)', 'pl (1)', 'sk (1)', 'ch (1)']"
7wU2WGCJ8HxkekHHE2QLul,Fuego,253571.0,67,"['latin hip hop', 'rap dominicano', 'reggaeton', 'reggaeton flow', 'trap latino']","['ar (3)', 'bo (2)', 'cl (2)', 'co (3)', 'cr (2)', 'do (4)', 'ec (3)', 'sv (2)', 'fr (1)', 'gt (2)', 'hn (2)', 'it (1)', 'lu (1)', 'mx (1)', 'ni (2)', 'pa (3)', 'py (2)', 'pe (2)', 'es (6)', 'uy (4)']"
7ciBW1p3KBsYIkFk4UmwS8,The Rudeboyz,14451.0,51,['trap brasileiro'],"['ar (1)', 'bo (1)', 'cl (2)', 'co (2)', 'cr (1)', 'do (1)', 'ec (1)', 'sv (1)', 'gt (1)', 'hn (1)', 'mt (1)', 'mx (1)', 'ni (1)', 'pa (1)', 'py (1)', 'pe (1)', 'es (1)', 'uy (1)']"
3N7PAaiIBEDfL6y6Rwso48,Martin Stenmarck,25787.0,37,"['classic swedish pop', 'europop', 'swedish pop']",['se (3)']
2l35CQqtYRh3d8ZIiBep4v,MKTO,995449.0,66,"['dance pop', 'pop', 'pop rap', 'pop rock', 'post-teen pop', 'uk pop']","['us (3)', 'gb (2)', 'au (5)', 'at (1)', 'be (2)', 'bo (1)', 'br (2)', 'bg (2)', 'ca (3)', 'cl (1)', 'co (1)', 'cr (1)', 'cz (3)', 'dk (2)', 'do (1)', 'ec (1)', 'sv (1)', 'ee (2)', 'fi (2)', 'fr (1)', 'de (1)', 'gr (2)', 'gt (1)', 'hn (1)', 'hk (3)', 'hu (3)', 'is (2)', 'ie (2)', 'it (2)', 'lv (2)', 'lt (2)', 'lu (1)', 'my (4)', 'mt (2)', 'nl (3)', 'nz (5)', 'ni (1)', 'no (3)', 'pa (1)', 'py (1)', 'pe (1)', 'ph (3)', 'pl (2)', 'pt (2)', 'sg (3)', 'sk (2)', 'za (1)', 'se (3)', 'ch (3)', 'tw (3)', 'tr (3)', 'ae (1)', 'uy (1)']"
62nVRNDLaS8m1p31F6omGw,José Madero,301455.0,62,['mexican indie'],"['bo (1)', 'ec (1)', 'mx (2)']"
6TYimByryGphZCtwYopH0y,Lauana Prado,2705362.0,69,"['sertanejo', 'sertanejo pop', 'sertanejo universitario']",['br (7)']
6FJeuwLBCX8VSTf6hp1Vc9,Lege-Cy,345340.0,47,"['egyptian hip hop', 'egyptian trap']",['eg (14)']
6p93NbyqUbcIt3VDvBCBPa,Nanà ,292.0,1,[],['th (1)']
4vcc1VAbvzJjbMTsPYL6OU,黄霄雲,14334.0,47,[],"['sg (1)', 'tw (1)']"
4Wf4s9fjkHKp1B4kD86u4w,Sherol Dos Santos,6172.0,6,[],['it (1)']
6wje46d51a0hZE1gqkKL3J,TAEW,1385.0,31,[],['th (1)']
6kG0WKHsAOfWp5IsizmQxR,SACHI,15361.0,40,"['nz electronic', 'nz pop']",['nz (1)']
0qZWRrQj38rwkxeRQ3HowZ,Ruben Annink,22014.0,43,"['dutch pop', 'dutch singer-songwriter']",['nl (1)']
7EuXVmTcFfpvmFbi1CTctP,Kuningasidea,19686.0,33,"['finnish dance pop', 'finnish pop', 'finnish reggae']",['fi (8)']
0Do6bAo2kcVLp7ekzypskJ,A Banca Records,142541.0,49,"['brazilian hip hop', 'trap brasileiro', 'trap carioca']",['br (1)']
1miuiUk8Xya3zRHZzqAYAW,Mokke,4495.0,42,"['swedish drill', 'swedish hip hop', 'swedish trap pop']",['se (2)']
0AtQAehoytV7j1r4O16dRb,Cooper Alan,251538.0,57,[],['no (1)']
4ur1jCwyNlhgd0viJkOtcQ,YooA,54528.0,37,[],['tw (1)']
6bUbaWCjpjUl7pBQ4FQKgF,Linus S,5519.0,4,[],['se (2)']
5qpRZGcyFKPkQqecBMZ1wz,Kamerzysta,142172.0,35,['polish trap'],['pl (1)']
5tG5dl5mS2wB5w72YBpsyg,Herbert Grönemeyer,629217.0,57,"['german pop', 'german rock', 'liedermacher']",['de (1)']
2PVg2kfkw7jNNVfy6ouB3H,Kpri,41055.0,47,"['french hip hop', 'pop urbaine', 'rap francais', 'rap lyonnais']",['fr (1)']
1zO1FWFxxNUCqUuGATxZQZ,Gyakie,145598.0,51,"['afro r&b', 'azontobeats', 'nigerian pop']",['za (1)']
6meomXUCnPUYEWxITWNVZ0,Sherman Chung,10196.0,30,['cantopop'],['hk (1)']
7mC8Nb2rN3hM0v0bpxaMzL,Kartky,277385.0,53,['polish hip hop'],['pl (8)']
4h50ekU1ax70sX6deaIli9,RPG,10919.0,30,"['hong kong hip hop', 'taiwan hip hop', 'taiwan pop']",['tw (4)']
5M3ffmRiOX9Q8Y4jNeR5wu,Wren Evans,26609.0,47,"['v-pop', 'vietnamese hip hop', 'vietnamese melodic rap']",['vn (3)']
12SCd6QOxrQJIfAe5Y4bDN,Marty McKay,2545.0,10,[],['ni (1)']
2zWCw43oRZ74LlMb14JWVR,Cravata,218031.0,42,"['moroccan pop', 'rai', 'rif']",['ma (9)']
00Ja3YjvU4DYCHWt6cPs42,Jolyon Petch,25807.0,50,"['australian house', 'deep tropical house']","['au (1)', 'nz (1)']"
4kwEd1P9j15ZqUVP5zK7Pv,Joe Stone,32782.0,55,"['deep groove house', 'edm', 'electro house', 'house', 'pop dance', 'pop edm']","['gb (1)', 'cz (1)', 'ie (1)', 'it (1)', 'lt (1)', 'nl (1)', 'sk (1)']"
7drPVZKqAnbY227UltZV3l,Benedixhion,14722.0,39,"['russian drain', 'russian emo rap']","['ru (1)', 'ua (1)']"
3jPN2U65cMPzvozEBue5zp,SIDARTA,31493.0,60,"['greek pop', 'greek trap']","['cy (3)', 'gr (5)']"
5xRZqaqEy9SX8GrmtXoSGT,G22,6659.0,33,['taiwan hip hop'],['tw (2)']
7BGR8y1VZAWK2oR4zD9COr,Protoje,335321.0,58,"['dancehall', 'modern reggae']",['cr (2)']
78G38bSvPxoyNTM9AzgkIP,Frank Løke,696.0,13,[],['no (2)']
23jUmiOyAG9Dzq6Ayp9LUG,SPACESPEAKERS,125637.0,28,['v-pop'],['vn (1)']
4vH9G6Sah9CmkDMDy4jUwe,Sphera,1867.0,21,[],['il (1)']
6NwYl6JuXxC9H8T0hkNg6Q,Herra Ylppö,25030.0,33,"['finnish post-punk', 'suomi rock']",['fi (9)']
55tJwpPIz9BMrSLM45iEXX,9MUSES,58.0,38,"['k-pop', 'k-pop girl group']",
2cHdytz9MoYGg1SReBPTWY,La Vida Moderna,4793.0,1,[],['es (1)']
0BMQhit4vJRkf4b1HO5qXv,ปรีชา ปัดภัย,11296.0,29,['thai viral pop'],['th (1)']
7fFoO8E3rLkTJBItdhAwCy,Lars-Erik Larsson,1838.0,16,"['early modern classical', 'swedish classical']",['no (1)']
5nWpcynsaMBFgtGmJODhdi,Devano,532807.0,45,['indonesian pop'],['id (2)']
3JiKtJqdJ3qUhJRphJk1cT,Thodoris Ferris,34452.0,44,"['greek pop', 'laiko']",['cy (1)']
3qL7BzwJOXq3EzAio36aLX,Ghea Indrawari,130128.0,49,['indonesian pop'],['id (1)']
1BjUnGUvkdXUi1ULgcgZvQ,Mc Anônimo,71245.0,38,['brega funk'],['br (1)']
04MtOUkmIDC4LAxDDBjrOY,Andre Hazes,624155.0,60,"['dutch pop', 'dutch rock', 'levenslied', 'nederpop']",['nl (3)']
6p3G10bi9yrw3me7CDrCta,ACE COLLECTION,42762.0,43,"['anime', 'j-pop boy group']",['jp (1)']
2bdcBjvuI9worc472GbeU0,Samuel Kim,255766.0,65,['anime lo-fi'],"['cz (1)', 'hu (1)', 'sk (1)']"
4eU1y1C4Jxr7eFA56Aivwf,Trifecta,175.0,8,[],"['gr (1)', 'hu (1)', 'lt (1)', 'sk (1)']"
0BUTvSwaoKcP9ucuEyyYpr,Cassandra,16553.0,45,[],['id (1)']
23fqKkggKUBHNkbKtXEls4,Kygo,8134874.0,80,"['edm', 'pop', 'pop dance', 'tropical house']","['us (28)', 'gb (24)', 'ar (9)', 'au (24)', 'at (35)', 'be (28)', 'bo (10)', 'br (11)', 'bg (26)', 'ca (36)', 'cl (10)', 'co (10)', 'cr (10)', 'cy (23)', 'cz (36)', 'dk (35)', 'do (10)', 'ec (10)', 'eg (4)', 'sv (10)', 'ee (36)', 'fi (37)', 'fr (21)', 'de (31)', 'gr (25)', 'gt (12)', 'hn (12)', 'hk (23)', 'hu (38)', 'is (21)', 'in (9)', 'id (21)', 'ie (31)', 'il (11)', 'it (17)', 'jp (13)', 'lv (32)', 'lt (39)', 'lu (31)', 'my (24)', 'mt (30)', 'mx (10)', 'ma (3)', 'nl (34)', 'nz (21)', 'ni (9)', 'no (64)', 'pa (13)', 'py (10)', 'pe (9)', 'ph (21)', 'pl (25)', 'pt (24)', 'ro (14)', 'sa (5)', 'sg (25)', 'sk (42)', 'za (14)', 'kr (3)', 'es (14)', 'se (46)', 'ch (44)', 'tw (31)', 'th (13)', 'tr (12)', 'ua (1)', 'ae (6)', 'uy (9)', 'vn (12)', 'ad (1)']"
0YUrJpMVgqTxD8UnfPRKEh,Fulo El Yeyo,17689.0,36,['panamanian pop'],['pa (1)']
5rI6C5mJm6GYXbGHhpHTu9,Attaque 77,479470.0,57,"['argentine punk', 'argentine rock', 'latin alternative', 'latin rock', 'rock en espanol', 'ska argentino']",['ar (1)']
6SsTlCsuCYleNza6xGwynu,Agnes,118389.0,56,"['dance pop', 'electropop', 'europop', 'swedish electropop', 'swedish idol pop', 'swedish pop']",['se (7)']
6SIzX2yHlfa3V0xDHLmrbe,ConfidentialMX,2122.0,26,[],"['bg (1)', 'my (1)', 'pt (1)', 'sk (1)']"
5a8n5eVrmneQvM5cRCqjfw,Ronnie Hussein,13568.0,28,['malaysian pop'],['my (1)']
6nEgkeR03q2qtKZmrVq100,El Villano,294637.0,45,['cumbia pop'],"['ar (5)', 'es (1)', 'uy (5)']"
5UOOgRWguRmVZo1voJuQpf,Orgânico,196759.0,54,['pop rap brasileiro'],['br (1)']
7cEaNXXTHx3LokbjUUyHal,BIG Naughty,175577.0,59,[],['kr (7)']
75MOYjGEyyH5U4ZFHOPvxR,Lim Young Woong,43188.0,54,['trot'],['kr (17)']
15UyjlO0ZuDaSjXUGytDbI,U Sung Eun,17395.0,36,['korean pop'],['tw (1)']
1qGohIp3a4kh1Euymx0pyL,Ocean Park Standoff,27933.0,48,"['la pop', 'pop rock']",['no (1)']
1WgXqy2Dd70QQOU7Ay074N,AURORA,2426951.0,73,"['art pop', 'norwegian pop']","['us (1)', 'gb (2)', 'ar (1)', 'au (1)', 'at (3)', 'be (1)', 'bo (1)', 'br (1)', 'bg (1)', 'ca (1)', 'cl (1)', 'co (1)', 'cr (1)', 'cy (1)', 'cz (1)', 'dk (1)', 'do (1)', 'ec (1)', 'eg (1)', 'sv (1)', 'ee (2)', 'fi (1)', 'fr (1)', 'de (3)', 'gr (1)', 'gt (1)', 'hn (1)', 'hk (1)', 'hu (1)', 'is (1)', 'in (1)', 'id (1)', 'ie (2)', 'il (1)', 'it (1)', 'lv (2)', 'lt (3)', 'lu (1)', 'my (1)', 'mx (1)', 'ma (1)', 'nl (1)', 'nz (1)', 'ni (1)', 'no (19)', 'pa (1)', 'py (1)', 'pe (1)', 'ph (1)', 'pl (1)', 'pt (1)', 'ro (1)', 'ru (1)', 'sa (1)', 'sg (1)', 'sk (2)', 'za (1)', 'kr (1)', 'es (2)', 'se (1)', 'ch (1)', 'tw (1)', 'th (1)', 'tr (1)', 'ua (2)', 'ae (1)', 'uy (1)', 'vn (2)']"
7AuBGlcUaHok37yr6u963C,Ehab Tawfik,352880.0,42,"['arab pop', 'classic arab pop', 'egyptian pop']",['eg (1)']
5Y1GOHdRGUuisf1Z2fCOUL,Spoky1911,21.0,0,[],['is (1)']
7h1amg0X7Q5d0D5KfuyKTg,Pyrex,29130.0,57,"['italian hip hop', 'trap italiana']",['it (3)']
08XpoQUQ8CrwDVMo1BOEpj,Hala Al Turk,41244.0,28,"['arab pop', 'khaliji']",['sa (2)']
584RKJOLzbEflvpk6qFPS1,MC Ysa,21592.0,32,['brega funk'],['br (1)']
0TW5M8RYADmgeCP1q523hf,Kjartan Lauritzen,22029.0,42,"['norwegian indie', 'norwegian pop', 'norwegian pop rap']",['no (4)']
3wYcmejLVtOoHIq9szUugh,Kaho Hung,24853.0,53,"['cantopop', 'hk-pop']",['hk (11)']
5tf7Xldyt8YlDmudOZU0oh,Gimpson,3610.0,0,[],['pl (2)']
5RdLYZ9xsG0EEVyn5Eetnh,Pimeys,3370.0,16,"['finnish indie', 'suomi rock']",['fi (4)']
4NGKV5T9KOY3eGtJ42fax0,Fynn Jamal,17459.0,32,['malaysian indie'],['my (2)']
1Pu2OFhNGOTakxDgxoIXiv,Diego Boneta,90846.0,51,['latin arena pop'],['mx (3)']
7hwN21Cb3TydnAl2o3iOsE,starclouds,403.0,0,['slowed and reverb'],['sa (1)']
5qRaZYOswQo7YMPgvdfU2f,25 hours,275793.0,49,"['thai pop', 'thai rock']",['th (5)']
2RxCv6j8Wu2rYbmtOBvg6F,Abdul Majeed Abdullah,860938.0,45,"['classic arab pop', 'khaliji']",['sa (4)']
2Wihg8pti3bPnQ4ByrU309,Moreno,40619.0,28,[],['it (3)']
0cbL6CYnRqpAxf1evwUVQD,Die Ärzte,871401.0,65,"['german alternative rock', 'german pop', 'german punk', 'german rock']","['at (1)', 'de (11)']"
7JthQ6zwNzfxRfIEjp6wUs,HIRAIDAI,1205276.0,66,"['j-pop', 'japanese singer-songwriter', 'japanese teen pop']",['jp (34)']
08ZqXO40nMrhBoGma4kls2,SyKo,117715.0,58,['glitchcore'],"['bg (1)', 'ee (1)', 'lv (1)', 'lt (1)', 'ro (1)', 'ru (1)', 'sa (1)', 'ua (1)', 'ae (1)']"
5RRPSRJpISAWEPOeSfYuhV,Rino Gaetano,647105.0,55,"[""canzone d'autore"", 'classic italian pop', 'italian adult pop']",['it (1)']
5XkrVVn0lQIVPkH55nbTgZ,R-chord,146283.0,45,"['mandopop', 'taiwan pop', 'taiwan singer-songwriter']",['tw (23)']
0FEJqmeLRzsXj8hgcZaAyB,Indila,953840.0,68,['french pop'],"['be (3)', 'bg (4)', 'eg (1)', 'ee (1)', 'fr (4)', 'de (1)', 'gr (2)', 'lu (1)', 'ma (1)', 'nl (2)', 'no (1)', 'pl (2)', 'sa (2)', 'sk (1)', 'ch (1)', 'tr (2)', 'ae (1)']"
7EK1bQADBoqbYXnT4Cqv9w,John Denver,1646622.0,67,"['classic country pop', 'folk', 'folk rock', 'mellow gold', 'singer-songwriter', 'soft rock']","['gb (1)', 'be (2)', 'ca (2)', 'ee (1)', 'hu (2)', 'ie (1)', 'lv (1)', 'lt (1)', 'lu (2)', 'mt (2)', 'nl (1)', 'pl (1)', 'th (1)']"
24BYRlsS8uIO4jA71mJ4Js,Imran Khan,1500980.0,63,"['desi hip hop', 'desi pop', 'desi trap', 'modern bollywood', 'pakistani hip hop']","['in (3)', 'sa (1)']"
6sYR8JTRUUUzSD9IydLhfG,Guizmo,528654.0,52,"['french hip hop', 'pop urbaine', 'rap francais', 'rap inde']",['fr (6)']
5U1dINFKjJlYNOSdMrHlRh,16 Typh,162704.0,41,['vietnamese hip hop'],['vn (3)']
5r0Fhn5JfkbhPG8wXRu0iY,Xiao Qiu,11728.0,30,"['taiwan pop', 'taiwan singer-songwriter']",['tw (4)']
6GTyqYZ5IvCrYwpVoPqNkq,Ylona,141.0,4,[],['ph (2)']
15EdXJSvJSrjOGXsIimK0d,Ameen Khattab,213478.0,33,['mahraganat'],['eg (2)']
5t8dw8yCWNAezW6wP3ZOGh,Alex Kunnari,4341.0,33,['finnish edm'],['fi (1)']
5nPOO9iTcrs9k6yFffPxjH,Röyksopp,785861.0,62,"['alternative dance', 'downtempo', 'electronica', 'electropop', 'trip hop']","['au (1)', 'cz (1)', 'ee (1)', 'fi (1)', 'gr (2)', 'hu (1)', 'lt (2)', 'no (14)', 'se (2)', 'tw (1)']"
5snNHNlYT2UrtZo5HCJkiw,Epik High,630279.0,56,"['k-pop', 'k-rap', 'korean old school hip hop', 'korean pop']","['hk (2)', 'id (1)', 'my (5)', 'sg (3)', 'kr (5)', 'tw (5)', 'th (1)', 'vn (2)']"
30ut8L4gmEz4vNr1zNhpbh,Ida Corr,19008.0,54,['scandipop'],['dk (1)']
64d1rUxfizSAOE9UbMnUZd,Sezen Aksu,6287949.0,68,['turkish pop'],['tr (38)']
1FiQqcHOoNc3yLBnYq8UAE,6licium,430.0,19,[],['cz (1)']
78rEst9B8h5utylmzIoUgb,Samuel Jack,10943.0,50,['uk pop'],['ie (1)']
1AACxWCwNIa3ecOBQJnXRV,Nino Freestyle,122160.0,50,"['dominican pop', 'trap dominicano']",['do (6)']
6HYjkczJfUdGcwIGPOq5P2,Myra Granberg,26819.0,54,"['swedish idol pop', 'swedish pop']","['no (1)', 'se (11)']"
6MlVGjgieHwMJCPBjU41dN,Maciej Musiałowski,18644.0,32,['polish pop'],['pl (1)']
27vSXvM0Ht2xGwRUUwpBAg,Jaylann,9149.0,36,['moroccan pop'],['ma (2)']
2FgZrgTMX6Sk0VNcOsEPmm,Punch,262950.0,62,"['k-pop', 'korean pop']",['tw (1)']
05X5qdeeGgBQe115bTNlWu,Pede B,18460.0,40,['danish hip hop'],['dk (2)']
7J1vWiNwuDejpbK41xiuSH,Arrow,1510.0,0,[],['hk (1)']
0z2GNeBgnQO3UPOmqpAi1X,Jeff,0.0,0,[],['tr (1)']
6lESE9VeLV05vQBw8TB4YA,IT’S,1331.0,20,[],['tw (1)']
5bbDzC9XXR8rxW9OIjAven,gazzzy,8811.0,52,['sad lo-fi'],['sa (1)']
1WLKjYJX9YHSlwufclauhg,URBOYTJ,762615.0,52,"['thai hip hop', 'thai pop']",['th (20)']
3GmeMFpBRcVlf9OUwlsuo0,Jens Book-Jenssen,1776.0,21,"['classic norwegian pop', 'vintage norwegian pop']",['no (1)']
6CAOElXrWvhb594GKitCch,Trunks,32391.0,50,['trap brasileiro'],['br (1)']
0WAZJYudbUpl0EOjvdrnRG,Julio Bashmore,67425.0,36,"['bristol electronic', 'future garage', 'uk bass']",['pl (1)']
5lLpwQ6qv9uml76PIiRhxn,Kandráčovci,15578.0,36,"['heligonka', 'moderne ludovky', 'rusyn folk', 'slovak folk', 'slovak pop']",['sk (1)']
15A3eJ05XZObM0QEh1zfTo,นนน กรภัทร์,80939.0,44,['thai idol'],['th (3)']
0rEuaTPLMhlViNCJrg3NEH,Beast In Black,201836.0,60,"['finnish heavy metal', 'finnish power metal', 'melodic metal', 'power metal']",['fi (6)']
2BTS8Np1YzPQuXjgdlqsBB,Emanero,60564.0,59,"['argentine hip hop', 'rap conciencia', 'rap underground argentino']","['ar (1)', 'bo (1)', 'ec (1)', 'py (1)', 'uy (1)']"
0Ya43ZKWHTKkAbkoJJkwIB,The Wombats,1005825.0,66,"['liverpool indie', 'modern rock', 'rock']","['us (1)', 'gb (4)', 'au (1)', 'at (1)', 'bo (1)', 'bg (1)', 'ca (1)', 'cz (1)', 'ee (1)', 'de (1)', 'gr (1)', 'hk (1)', 'hu (1)', 'is (1)', 'ie (1)', 'it (1)', 'lv (1)', 'lt (1)', 'my (1)', 'mt (1)', 'nz (1)', 'pa (1)', 'ph (1)', 'pl (1)', 'pt (1)', 'sg (1)', 'sk (1)', 'ch (1)', 'tw (1)', 'tr (1)']"
1uIxyLR92jtMUHggz3Whvg,Sestā Jūdze,1555.0,23,['latvian pop'],['lv (1)']
5R42oko4xV2U7uqlZXbzqk,Simeon,2025.0,36,"['scandinavian r&b', 'swedish trap pop']",['se (1)']
4YXycRbyyAE0wozTk7QMEq,Matoma,706492.0,66,"['dance pop', 'edm', 'electro house', 'electropop', 'norwegian pop', 'pop', 'pop dance', 'pop edm', 'tropical house', 'uk pop']","['us (2)', 'gb (3)', 'ar (1)', 'au (3)', 'at (4)', 'be (4)', 'bo (1)', 'br (1)', 'bg (4)', 'ca (3)', 'cl (1)', 'co (1)', 'cr (1)', 'cy (2)', 'cz (4)', 'dk (5)', 'do (1)', 'ec (1)', 'sv (1)', 'ee (4)', 'fi (12)', 'fr (2)', 'de (4)', 'gr (4)', 'gt (1)', 'hn (1)', 'hk (3)', 'hu (4)', 'is (3)', 'id (3)', 'ie (3)', 'it (4)', 'lv (4)', 'lt (7)', 'lu (4)', 'my (3)', 'mt (4)', 'mx (1)', 'nl (3)', 'nz (2)', 'no (32)', 'pa (1)', 'py (1)', 'pe (1)', 'ph (4)', 'pl (4)', 'pt (3)', 'ro (1)', 'sg (4)', 'sk (4)', 'es (1)', 'se (11)', 'ch (4)', 'tw (5)', 'th (1)', 'tr (2)', 'uy (1)']"
1itXAnp2giHFQSzcvdN7xg,H16,62058.0,40,"['czsk hip hop', 'slovak hip hop']",['sk (18)']
44pWZb5cKs7MHIMPwQNcZc,Olivia Eliasson,1233.0,8,[],['se (1)']
77QIEno3j2L5WkrHkh2OnP,Sir Mich,33369.0,57,['polish hip hop'],['pl (2)']
6sfUgwUTFjy1SNF2uWOcPp,Kate Miller-Heidke,63804.0,40,"['australian pop', 'australian singer-songwriter', 'lilith', 'piano rock']","['cy (1)', 'ee (1)', 'is (1)', 'il (1)', 'lt (1)', 'mt (1)', 'no (1)', 'se (1)']"
4GAS1OgXh8D5pEA6s6eBNW,Valentino,179208.0,50,['reggaeton'],"['ar (2)', 'bo (2)', 'cl (3)', 'co (3)', 'cr (2)', 'do (3)', 'ec (2)', 'sv (1)', 'gt (2)', 'hn (2)', 'mt (1)', 'mx (2)', 'ni (2)', 'pa (3)', 'py (3)', 'pe (2)', 'es (2)', 'uy (2)']"
7qPLO2XOUaRrRxkvLZ3AEK,Zeeba,218502.0,62,"['brazilian edm', 'nova mpb']",['br (2)']
15kGQ75uyHlhEeK4ZK40YB,ROS,9423.0,17,[],['it (1)']
5Cbb6xFbK9HY3T2HvC0Wwm,Christmas Zero,0.0,0,[],['ee (1)']
6VPUQ3UqHxeeVvROl2kZqb,Lukr,6020.0,29,[],['at (1)']
6ybPDO4tvcfSl9SbHzrB8K,Aida gean,2.0,0,[],['ua (2)']
1l5hkQZj28djsCJWtN62wm,Zayed Al Saleh,10829.0,20,['khaliji'],['sa (1)']
7yK3vix9XmeNwPDmjGs78F,Manal,410396.0,51,"['arabic hip hop', 'moroccan pop', 'rap maroc']",['ma (20)']
4LWoeUqnRrGEulTsTZrFdd,Kaja Rode,474.0,11,['eurovision'],['no (1)']
3UwlejyX2b458azZ7eCnHb,HyunA,2002179.0,58,['k-pop'],"['hk (3)', 'my (1)', 'ru (1)', 'sg (2)', 'kr (1)', 'tw (3)', 'th (2)', 'vn (1)']"
0YMeriqrS3zgsX24nfY0F0,The Tragically Hip,849612.0,59,"['canadian indie', 'canadian rock', 'kingston on indie', 'ontario indie', 'rock']",['ca (9)']
7rTPCNINGzMp3Hc8Xqht5Z,13 Block,633359.0,52,"['french hip hop', 'pop urbaine', 'rap francais']","['be (1)', 'fr (33)', 'lu (1)', 'ch (1)']"
2wHicAG4gMIseKmYuPUcIw,Vojtaano,14594.0,38,"['czech hip hop', 'czech pop', 'czech rock', 'czsk viral pop']",['cz (1)']
78u00MLyG46IkmM8HC6H0l,Mew Suppasit,131211.0,45,['thai idol'],['th (5)']
0r0R5nIjDY04TfxRM10Bcb,Alligatoah,1047227.0,65,['german pop'],"['at (33)', 'de (50)', 'lu (1)', 'ch (2)']"
4qRXrzUmdy3p33lgvJEzdv,Paul Kim,199848.0,52,"['k-pop', 'korean pop']",['kr (2)']
3hq7WoPJsrRP0KMSLhUgRz,Murilo Huff,365942.0,72,"['arrocha', 'sertanejo pop']",['br (10)']
5Vo1hnCRmCM6M4thZCInCj,Official HIGE DANdism,4802003.0,70,"['anime', 'anime rock', 'j-pop']","['hk (1)', 'jp (39)', 'my (1)', 'kr (1)', 'tw (2)']"
2wIcDrGIOP35LTxKLpiwXX,Sevz,764.0,35,[],['no (1)']
360IAlyVv4PCEVjgyMZrxK,Miguel,4195623.0,77,"['dance pop', 'pop', 'r&b', 'urban contemporary']","['us (10)', 'gb (1)', 'ar (1)', 'au (4)', 'be (3)', 'bg (1)', 'ca (5)', 'cy (1)', 'cz (2)', 'dk (2)', 'ee (1)', 'gr (1)', 'hk (2)', 'hu (1)', 'is (1)', 'ie (1)', 'it (1)', 'lv (1)', 'lt (1)', 'lu (1)', 'my (2)', 'mt (1)', 'mx (1)', 'nl (2)', 'nz (5)', 'pe (1)', 'ph (2)', 'pl (3)', 'pt (1)', 'ro (1)', 'sa (1)', 'sg (2)', 'sk (1)', 'za (2)', 'se (1)', 'ch (2)', 'tw (3)', 'tr (2)']"
2vm8GdHyrJh2O2MfbQFYG0,Ingrid Michaelson,780402.0,59,"['acoustic pop', 'ectofolk', 'lilith', 'neo mellow', 'pop rock']","['us (1)', 'at (1)', 'ca (2)', 'cz (1)', 'ee (1)', 'de (1)', 'gr (1)', 'hk (2)', 'hu (1)', 'is (1)', 'ie (1)', 'lv (2)', 'lt (1)', 'my (2)', 'mt (2)', 'ph (2)', 'pl (1)', 'sg (2)', 'sk (1)', 'ch (1)', 'tw (2)', 'tr (1)']"
5ttgIeUVka6FLyi00Uu5h8,Jauz,373735.0,58,"['bass house', 'brostep', 'edm', 'electro house', 'electronic trap', 'pop dance']",['be (1)']
2Z9KL8Zmqx5Sg3cd7Fldhl,Olexesh,858401.0,64,"['german drill', 'german hip hop']","['at (31)', 'de (63)', 'lu (2)', 'ch (32)']"
0NIIxcxNHmOoyBx03SfTCD,Tinashe,2440457.0,69,"['alternative r&b', 'dance pop', 'electropop', 'metropopolis', 'pop', 'post-teen pop', 'r&b', 'rap', 'uk pop', 'urban contemporary']","['us (3)', 'gb (2)', 'au (3)', 'be (3)', 'bg (4)', 'ca (5)', 'cz (3)', 'dk (2)', 'ee (2)', 'de (1)', 'gr (2)', 'hk (3)', 'hu (2)', 'is (2)', 'ie (1)', 'it (1)', 'lv (2)', 'lt (3)', 'my (3)', 'mt (2)', 'nl (1)', 'nz (3)', 'no (2)', 'ph (2)', 'pl (2)', 'sg (3)', 'sk (2)', 'se (1)', 'ch (4)', 'tw (4)', 'tr (2)']"
27T030eWyCQRmDyuvr1kxY,Scorpions,5776554.0,72,"['album rock', 'german hard rock', 'german metal', 'german rock', 'hard rock', 'metal', 'rock']",['cy (4)']
5ZVHfahjeu8Z81RYyhcLDH,Euroo,9696.0,40,"['swedish hip hop', 'swedish trap pop']",['se (2)']
5r9ztVKKvfGfouL15P2Ixw,Hans Entertainment,7432.0,28,[],"['at (1)', 'de (1)']"
1XLjkBxFokuDTlHt0mQkRe,Thomas Gold,163074.0,51,"['big room', 'edm', 'electro house', 'funky tech house', 'german techno', 'pop dance', 'pop edm', 'progressive electro house', 'progressive house']","['us (1)', 'au (1)', 'be (1)', 'bg (1)', 'ca (1)', 'cy (1)', 'cz (1)', 'ee (1)', 'gr (1)', 'hk (1)', 'hu (1)', 'id (1)', 'ie (1)', 'lv (1)', 'lt (1)', 'lu (1)', 'my (1)', 'mt (1)', 'nz (1)', 'ph (1)', 'pl (1)', 'pt (1)', 'sg (1)', 'sk (1)', 'ch (1)', 'tw (1)']"
66NmU5epI0ONGmdCRbLpmW,Feby Putri,1126780.0,65,['indonesian pop'],"['id (3)', 'my (1)']"
7w29MU70EVgvR0c5f4wIxf,Winterland Big Band,3.0,0,[],"['gb (1)', 'au (1)']"
6BNMwUozbYoSSgTJPWKXRH,Doris 68,2.0,0,[],['ni (10)']
4kYSro6naA4h99UJvo89HB,Cardi B,20361435.0,80,"['dance pop', 'pop', 'rap']","['us (19)', 'gb (17)', 'ar (2)', 'au (16)', 'at (10)', 'be (10)', 'bo (3)', 'br (5)', 'bg (19)', 'ca (19)', 'cl (2)', 'co (4)', 'cr (6)', 'cy (15)', 'cz (9)', 'dk (11)', 'do (14)', 'ec (2)', 'eg (3)', 'sv (5)', 'ee (11)', 'fi (11)', 'fr (7)', 'de (10)', 'gr (16)', 'gt (3)', 'hn (6)', 'hk (10)', 'hu (11)', 'is (17)', 'in (2)', 'id (5)', 'ie (17)', 'il (9)', 'it (6)', 'jp (6)', 'lv (11)', 'lt (12)', 'lu (14)', 'my (8)', 'mt (10)', 'mx (3)', 'ma (3)', 'nl (10)', 'nz (14)', 'ni (5)', 'no (11)', 'pa (7)', 'py (3)', 'pe (4)', 'ph (7)', 'pl (6)', 'pt (10)', 'ro (14)', 'ru (2)', 'sa (3)', 'sg (9)', 'sk (10)', 'za (5)', 'kr (3)', 'es (4)', 'se (11)', 'ch (10)', 'tw (10)', 'th (7)', 'tr (6)', 'ua (2)', 'ae (4)', 'uy (3)', 'vn (5)', 'ad (1)']"
5ZOMkfINXvTF4GqNwHPsfW,Badoxa,135913.0,45,"['kizomba', 'portuguese pop']",['pt (8)']
5qZLYtTL3ldN6Uw7OXHESR,Sa4,241730.0,59,"['deep german hip hop', 'german hip hop', 'german underground rap']","['at (5)', 'de (14)', 'lu (4)', 'ch (5)']"
4yos94vHbPhhiNdyYO2uan,POL1Z1STENS0HN a.k.a. Jan Böhmermann,43861.0,36,['german alternative rap'],"['at (1)', 'de (3)']"
4pAV5NzEnMeNxokMWop1Gr,Circle 9,81.0,0,[],"['is (12)', 'lt (9)']"
0xs0DDAAat35MBE3KVOlVY,Dubbo,3025.0,6,['austin hip hop'],['lt (1)']
5lXfVoQxVgC5fpjkVqvNYn,Isaiah Firebrace,52781.0,49,"['australian pop', 'australian talent show']","['us (1)', 'au (1)', 'at (1)', 'be (2)', 'bg (1)', 'ca (1)', 'cy (1)', 'cz (1)', 'dk (1)', 'ee (2)', 'de (1)', 'gr (2)', 'hk (1)', 'hu (2)', 'is (2)', 'id (2)', 'ie (1)', 'it (1)', 'lv (1)', 'lt (2)', 'lu (1)', 'my (1)', 'mt (2)', 'nl (1)', 'nz (1)', 'no (2)', 'ph (1)', 'pl (1)', 'pt (1)', 'ro (1)', 'sg (1)', 'sk (1)', 'se (2)', 'ch (1)', 'tw (1)']"
2GHclqNVjqGuiE5mA7BEoc,Common,833451.0,62,"['alternative hip hop', 'chicago rap', 'conscious hip hop', 'gangster rap', 'hip hop', 'neo soul', 'political hip hop', 'rap']","['us (1)', 'be (1)', 'ca (1)', 'dk (1)', 'hk (1)', 'is (1)', 'ie (1)', 'pa (1)', 'pl (1)', 'pt (1)', 'sk (1)']"
16srr0TMexvouPYyxjoBfy,Dragana Kosic,4.0,0,[],['ni (1)']
7H3TyvM3dpW78cru0Oaui9,YONII,155568.0,50,['german hip hop'],"['at (4)', 'de (6)', 'lu (1)', 'ch (3)']"
7c1HgFDe8ogy5NOZ1ANCJQ,"Car, the garden",110672.0,51,"['k-indie', 'korean pop']","['id (1)', 'my (1)', 'th (1)']"
5DkmrXKeWgDS86KKEw45o6,Rancore,170918.0,51,"['italian hip hop', 'italian indie pop', 'italian underground hip hop']",['it (2)']
6QpiYjzVCiO7063DWLTII7,HammAli,84170.0,42,[],"['ru (1)', 'ua (1)']"
3DRcGS7R3ExecDZjfne2HM,Krozz,265.0,20,[],['lu (1)']
5rmy4yOHBOptMctO6t5Drl,Kim Chiu,161108.0,34,"['classic opm', 'opm']",['ph (1)']
3ront3zvcdInux0rUVQLF2,Tur-G,34914.0,38,"['dutch hip hop', 'dutch rap pop']",['nl (2)']
6px2zTzjQAPLkuea5qQ2Gx,Boulevard des Airs,184089.0,48,"['francoton', 'french pop', 'variete francaise']",['fr (4)']
3D4BVTTywiC0afapUVI8Cd,KsFreakWhatElse,37628.0,21,[],['at (1)']
7DMveApC7UnC2NPfPvlHSU,Cheat Codes,2087675.0,71,"['dance pop', 'edm', 'electro house', 'electropop', 'pop', 'pop dance', 'tropical house', 'uk pop']","['us (7)', 'gb (4)', 'ar (3)', 'au (4)', 'at (5)', 'be (5)', 'bo (2)', 'br (3)', 'bg (4)', 'ca (7)', 'cl (2)', 'co (2)', 'cr (2)', 'cy (4)', 'cz (5)', 'dk (3)', 'do (2)', 'ec (2)', 'sv (2)', 'ee (6)', 'fi (5)', 'fr (2)', 'de (3)', 'gr (4)', 'gt (2)', 'hn (2)', 'hk (7)', 'hu (6)', 'is (2)', 'id (7)', 'ie (4)', 'il (1)', 'it (2)', 'jp (1)', 'lv (5)', 'lt (8)', 'lu (4)', 'my (7)', 'mt (4)', 'mx (2)', 'nl (4)', 'nz (4)', 'ni (3)', 'no (8)', 'pa (2)', 'py (2)', 'pe (2)', 'ph (8)', 'pl (7)', 'pt (4)', 'ro (1)', 'sg (9)', 'sk (8)', 'es (2)', 'se (8)', 'ch (6)', 'tw (10)', 'th (6)', 'tr (4)', 'uy (2)', 'vn (2)']"
2olr4xM2nA4Sj2yhJnCoO6,Tornike Kipiani,951.0,16,[],['is (1)']
6hyMWrxGBsOx6sWcVj1DqP,Sebastian Ingrosso,938110.0,62,"['edm', 'electro house', 'pop dance', 'progressive electro house', 'progressive house']","['gb (1)', 'ar (1)', 'au (1)', 'dk (1)', 'ee (1)', 'fi (1)', 'ie (1)', 'it (1)', 'nl (1)', 'no (2)', 'pt (1)', 'sg (1)', 'se (2)']"
2r7sssoF6zZbPOG0U0YOem,Berg,60743.0,47,"['progressive psytrance', 'psychedelic trance']",['il (1)']
0tzSBCPJZmHTdOA3ZV2mN3,CL,1064466.0,60,['k-pop'],"['bg (1)', 'hk (1)', 'id (2)', 'my (4)', 'ph (1)', 'sg (2)', 'kr (3)', 'tw (3)', 'vn (1)']"
68tIJ2KGC2bUs1cmIhJ9mW,Alain Clark,66131.0,45,"['dutch pop', 'dutch rock']",['nl (1)']
11WOy8bNZ7WpdX89ILYNEW,Gio,4830.0,32,['danish hip hop'],['dk (7)']
49801AhfB2xOoOqtRZXv4H,Klikkmonopolet,1505.0,44,['russelater'],['no (1)']
1cUpGtXcSQsovNYEZOQgOG,Nanpa Básico,1834105.0,71,"['colombian hip hop', 'mexican hip hop']","['cl (1)', 'mx (2)']"
0233UJe9jt3aA8pYZO82q4,Kush Lmes,1.0,0,['drill espanol'],['do (1)']
55gbXGYO6aftrjYTarHqIx,Vicky Singh,1908.0,0,['indian lo-fi'],['in (1)']
3I5WNQR2o5jkAibQVWqdqs,Mammút,16091.0,24,"['icelandic post-punk', 'icelandic rock']",['is (1)']
3uCu2WgyG0Iw50ylOYDSpH,Maria Gadú,1298862.0,59,"['mpb', 'nova mpb', 'umbanda']",['br (1)']
5f7VJjfbwm532GiveGC0ZK,Lil Baby,11530234.0,89,"['atl hip hop', 'atl trap', 'rap', 'trap']","['us (62)', 'gb (16)', 'au (6)', 'at (3)', 'be (6)', 'bg (14)', 'ca (51)', 'cy (10)', 'cz (3)', 'dk (5)', 'do (1)', 'ee (4)', 'fi (3)', 'fr (2)', 'de (3)', 'gr (11)', 'hn (1)', 'hk (2)', 'hu (4)', 'is (20)', 'ie (7)', 'il (4)', 'lv (7)', 'lt (10)', 'lu (16)', 'mt (11)', 'ma (4)', 'nl (5)', 'nz (5)', 'no (8)', 'pa (1)', 'pt (6)', 'ro (13)', 'sa (3)', 'sg (1)', 'sk (4)', 'za (13)', 'se (3)', 'ch (8)', 'tw (2)', 'th (1)', 'ae (7)']"
4MTNXrn0TAHwVwhYNeZjkF,Miniminter,170281.0,36,['social media pop'],['gb (1)']
3fNxc8lFimZHQfRZHeskfj,Marco Carta,84478.0,30,"['italian adult pop', 'italian pop rock']",['it (2)']
3mvgs4aBKbw4eIqizZmyp4,Greifarnir,1424.0,20,"['classic icelandic pop', 'icelandic pop']",['is (1)']
1n9MS5jDsiVS3x3ArntcnW,Lin Hsin Yi,48805.0,35,"['mandopop', 'taiwan pop']",['tw (4)']
1EUq1MC4vfYYxcVK9aJnXf,Della,221802.0,48,"['mandopop', 'taiwan pop']","['hk (1)', 'sg (1)', 'tw (17)']"
4lH0PRAS3yV8O05E5lTqwk,Nahaze,5707.0,28,[],['it (1)']
4nDoRrQiYLoBzwC5BhVJzF,Camila Cabello,27956268.0,82,"['dance pop', 'pop', 'post-teen pop', 'uk pop']","['us (23)', 'gb (21)', 'ar (18)', 'au (18)', 'at (14)', 'be (18)', 'bo (12)', 'br (21)', 'bg (25)', 'ca (25)', 'cl (8)', 'co (14)', 'cr (16)', 'cy (24)', 'cz (15)', 'dk (12)', 'do (15)', 'ec (9)', 'eg (9)', 'sv (18)', 'ee (17)', 'fi (14)', 'fr (8)', 'de (12)', 'gr (25)', 'gt (11)', 'hn (11)', 'hk (24)', 'hu (24)', 'is (12)', 'in (8)', 'id (10)', 'ie (25)', 'il (11)', 'it (9)', 'jp (10)', 'lv (16)', 'lt (23)', 'lu (20)', 'my (25)', 'mt (22)', 'mx (11)', 'ma (8)', 'nl (17)', 'nz (16)', 'ni (14)', 'no (17)', 'pa (19)', 'py (8)', 'pe (10)', 'ph (19)', 'pl (16)', 'pt (25)', 'ro (14)', 'sa (9)', 'sg (25)', 'sk (25)', 'za (10)', 'kr (3)', 'es (13)', 'se (14)', 'ch (18)', 'tw (26)', 'th (17)', 'tr (6)', 'ae (10)', 'uy (19)', 'vn (13)']"
5EvFsr3kj42KNv97ZEnqij,Shaggy,1795159.0,72,"['dance pop', 'pop rap', 'reggae fusion']","['us (1)', 'gb (2)', 'ar (1)', 'au (1)', 'at (1)', 'be (1)', 'br (1)', 'bg (1)', 'ca (3)', 'cl (2)', 'co (2)', 'cr (1)', 'cz (2)', 'do (1)', 'ec (2)', 'sv (2)', 'ee (1)', 'fi (4)', 'de (1)', 'gr (3)', 'gt (2)', 'hn (2)', 'hk (2)', 'hu (2)', 'is (1)', 'ie (2)', 'it (2)', 'lv (1)', 'lt (1)', 'my (2)', 'mt (1)', 'mx (3)', 'nl (1)', 'nz (1)', 'ni (1)', 'no (2)', 'pa (2)', 'pe (1)', 'ph (2)', 'pl (2)', 'pt (1)', 'sa (1)', 'sg (2)', 'sk (2)', 'es (3)', 'se (1)', 'ch (2)', 'tw (2)', 'tr (2)']"
1GsQwQOSAhn76MaVz5NXSq,Los Flamers,17362.0,39,"['cumbia del sureste', 'cumbia salvadorena']","['gt (1)', 'ni (1)']"
32ogthv0BdaSMPml02X9YB,The Cinematic Orchestra,577750.0,63,"['downtempo', 'electronica', 'ninja', 'nu jazz']","['co (1)', 'pt (1)', 'es (2)']"
38VNGRG9Wz2FOBKAyA6HFv,Italian Somali,62084.0,41,['panamanian pop'],['pa (9)']
4QrBoWLm2WNlPdbFhmlaUZ,KEVVO,448041.0,65,"['perreo', 'reggaeton', 'reggaeton flow', 'trap latino']","['ar (1)', 'bo (1)', 'cl (4)', 'co (2)', 'cr (1)', 'do (2)', 'ec (2)', 'sv (2)', 'gt (2)', 'hn (3)', 'ni (2)', 'pa (2)', 'py (2)', 'pe (2)', 'es (3)', 'uy (2)']"
5aKVNeiiEzFHZHKiPx5X9p,flowerboii,1038.0,35,[],"['at (1)', 'de (1)', 'ch (1)']"
4Dcz7srpGyeBFxFpQTxlvC,Dante Spinetta,31515.0,38,"['argentine indie', 'argentine rock']","['ar (2)', 'uy (1)']"
7f4Wc2tQa8KLqRaAJDi50A,Yamkee Productions,1015.0,26,[],['do (1)']
5uCXJWo3WoXgqv3T1RlAbh,Katie Melua,483771.0,58,['uk pop'],['nl (1)']
3GsYUkkdxEno2sunDQcRHo,ACTART,50433.0,40,"['thai indie pop', 'thai pop']",['th (2)']
6mHcziq4XT3ejLdrEM6xwk,Canking,8253.0,51,"['chill drill', 'melodic drill']",['gb (1)']
04FsFHujpuqonrPXZrEJlK,Dev Negi,532150.0,64,"['desi pop', 'filmi', 'modern bollywood']",['in (3)']
0oXTS2yHUnuji1R7kc9J9a,Pascal Letoublon,88957.0,61,[],"['at (1)', 'be (1)', 'fi (1)', 'fr (1)', 'de (1)', 'lu (1)', 'ch (1)']"
4HQzd6CvawmmIqU9nJ47E0,Prinssi Jusuf,1983.0,21,['finnish dance pop'],['fi (8)']
0uGApGjjFXKwUOAqYBeX7B,Deepend,42031.0,62,"['deep house', 'deep tropical house', 'new french touch', 'pop dance', 'pop edm', 'tropical house']","['at (2)', 'cz (1)', 'fi (1)', 'hu (2)', 'lt (2)', 'lu (1)', 'ro (1)', 'sk (1)', 'se (2)']"
3gxVNZELvJxlMo257VwRvC,Ex Rated Lover,4.0,0,[],['ua (1)']
3k68C6mNMJL6OaAdWeW2ZF,Diego & Victor Hugo,2195484.0,71,"['arrocha', 'sertanejo', 'sertanejo pop', 'sertanejo universitario']","['br (18)', 'py (1)', 'pt (1)']"
7qhWa7UI1QNZNDnzYwAYZm,Vallis Alps,131451.0,46,"['australian pop', 'vapor soul']",['au (3)']
16Nc36xAtNyQ7BMBcDsaLv,Likybo,43029.0,44,['cali rap'],"['us (1)', 'gb (1)', 'au (1)', 'ca (1)', 'dk (1)', 'ee (1)', 'fi (1)', 'is (1)', 'lv (1)', 'lt (1)', 'mt (1)', 'nz (1)', 'no (1)', 'se (1)']"
2xaAOVImG2O6lURwqperlD,Catfish and the Bottlemen,955039.0,63,"['modern alternative rock', 'modern rock', 'rock', 'stomp pop', 'welsh rock']",['gb (18)']
0L1f9i3L3fkMNENljDOsjG,Rocco Hunt,1443175.0,67,"['italian hip hop', 'italian pop', 'pop virale italiano', 'rap napoletano']","['it (40)', 'ch (2)']"
1lYjAYTw1QBVxIwVrZ1eTy,ADDA,141743.0,35,['romanian pop'],['ro (2)']
5RZjpmuD14JKXvB8Ry1G1u,Amanda Seyfried,85707.0,67,"['hollywood', 'pop']","['gb (2)', 'hu (1)', 'is (3)', 'ie (3)', 'nz (1)', 'no (2)']"
5q0uL3T6JoEVGylrtCnfCb,Enes Batur,624185.0,36,[],['tr (4)']
3q1xAVcUquRc7oCZYLLIvZ,Brianna,16878.0,47,['romanian pop'],['tr (1)']
3QLMLmISoZnFxUdzSoT6JB,Gökhan Özen,447893.0,49,"['deep turkish pop', 'turkish pop']",['tr (1)']
2IHoZ3RrDJIikMRsYgHjhy,Kizo,782321.0,65,"['polish hip hop', 'polish trap']",['pl (49)']
4PIW6aNu2AfeKQqkMGWVmS,Laura,1704.0,29,[],['ee (2)']
0HB4KdHq8OA8xyJyxJ5lc2,Shamma Hamdan,75487.0,33,['khaliji'],['sa (2)']
6L7j9oK58YpVLZClqX0iF4,ARY,11347.0,59,"['german hip hop', 'german trap']","['at (2)', 'de (2)', 'lu (1)', 'ch (1)']"
5nLnIboxUroy6N5HBGRTMe,Huang Yali,1340.0,18,[],['tw (1)']
2Y8dw810oc7wqr6D0eWrJp,Wanton chulito,16081.0,53,[],"['co (1)', 'do (1)', 'pa (1)']"
7CMzEHSpUYD3RLQ13kF7UM,Croupie,806.0,33,['ukrainian viral pop'],['ua (1)']
1gs79u8PKkWAW1yfymbkTt,MILES,30472.0,45,['trap italiana'],['it (1)']
5e8zwssZRVyImQCK1Q8eUR,HLH flokkurinn og Sigga Beinteins,11.0,0,[],['is (1)']
54dqxLAclwu0QSaTwCyCaF,Neffa,282784.0,56,"['italian adult pop', 'italian hip hop', 'italian indie pop', 'italian underground hip hop', 'rap napoletano']",['it (5)']
3iPdJaQD2j4rJXuDUmegE8,Mario,866.0,1,['italian pop'],['it (1)']
47ayujifWygPTXPOQHT6K8,Diljit Dosanjh,4.0,0,[],['in (1)']
1Sl3idO2XzH3AVb6nOjOxs,Reda Rwena,66796.0,41,"['german drill', 'german hip hop', 'german underground rap']",['de (1)']
5ELPejPzr90MkvmpQEr3RU,Phuong Linh,35081.0,28,['v-pop'],['vn (1)']
73c2MjCAFNyKYIs7nBlqG2,Marisela,1539543.0,66,"['latin pop', 'ranchera']",['ni (2)']
1lEmHQmPVkmg8mQrQt1bH4,Empress In Road,0.0,0,[],['ee (1)']
5tSLi6cjbhBiEZzNZrOeMs,Piateed,1755.0,23,[],['no (4)']
5zId1SmYy46E9v2KQsSTFR,Whales,31852.0,59,"['bass trap', 'dubstep', 'gaming edm']",['sa (1)']
1bVvwhtHbD84F522mOiFBC,Milan Stankovic,36374.0,36,['turbo folk'],['at (1)']
1PruL3P8slDEQAjSuOjuPd,Spiff TV,6179.0,46,[],"['cl (1)', 'do (1)', 'sv (1)', 'gt (1)', 'hn (1)', 'ni (1)', 'pa (1)', 'py (1)']"
7n3wIDVz0iAhBdZEFveZI7,Julie Maria,3289.0,20,['danish singer-songwriter'],['dk (1)']
4vIsAZx8AolYa6paJphDGY,Nirvair Pannu,243517.0,59,"['desi pop', 'punjabi pop']",['in (1)']
183DgO92lAqgpVVNKI7ZKF,Raj Ranjodh,52436.0,46,"['desi hip hop', 'desi pop', 'punjabi pop']",['in (1)']
5GBXwBVQufRCmwI1bNRIUo,Only C,353673.0,47,['v-pop'],['vn (3)']
3J7r4VsNmuWixU0nXvyPd8,Kalash,470056.0,61,"['french hip hop', 'pop urbaine', 'rap antillais', 'trap antillais']","['at (1)', 'be (2)', 'fr (17)', 'de (1)', 'it (1)', 'lu (4)', 'ma (1)', 'ch (3)']"
60XHOAhvEBiV6BGBOv8ClM,La Joaqui,144621.0,60,"['argentine hip hop', 'rap latina']","['ar (2)', 'uy (2)']"
2C0Cu6wbLYQyXl8MDwH2JE,Nathaniel,9006.0,36,"['australian pop', 'australian talent show']","['au (2)', 'nz (1)']"
2eRNMtoi82UZUuaL6naDjA,Cœur De Pirate,451651.0,57,"['chanson', 'french pop', 'nouvelle chanson francaise']","['ca (1)', 'fr (1)']"
1l9YwTDjZXZgnAOlLKEuRP,Frank Friendly,292.0,5,[],['no (1)']
751CmpzStQkZd5MNQtSgAB,Circus Mircus,2920.0,26,['georgian alternative'],['lt (1)']
0MZ55DwuMQ1B2TXq9lcrE4,Kraftklub,762956.0,63,"['german indie', 'german pop', 'german rock']","['at (4)', 'de (16)', 'lu (1)', 'ch (1)']"
1yzgJmZf5CxtFfGfRFm4Si,Gajendra Verma,1688081.0,62,"['desi pop', 'filmi', 'modern bollywood']",['in (5)']
5GIcOzVFTNnzArytjmTkW8,Bizzey,368880.0,62,"['dutch hip hop', 'dutch rap pop']","['be (6)', 'nl (53)', 'tr (1)']"
2zNBaFfKa0B5x3e9ieMscI,Oldzzies,0.0,0,[],['ee (1)']
2DIegoHjgAlIc6HYGGbu4h,Sophie Chen,11122.0,46,"['mandopop', 'taiwan singer-songwriter']",['tw (3)']
39yVoqm6sYFvvqF1RciUVf,Carlos Rivera,3727370.0,72,"['latin arena pop', 'latin pop', 'mexican pop']","['ar (1)', 'bo (4)', 'co (1)', 'cr (5)', 'ec (2)', 'gt (3)', 'hn (1)', 'mx (13)', 'pa (1)', 'pe (3)', 'uy (2)']"
6ghiFYcwn2Vzl6K50U0UPz,Michael Ray,430842.0,56,"['contemporary country', 'country', 'country pop', 'country road', 'modern country rock']","['us (1)', 'ca (1)', 'tw (1)']"
1frSJ3BwjRHE9jgMRQV5wC,Zookeepers,8206.0,45,['bass trap'],"['dk (2)', 'my (1)', 'ph (1)', 'sg (1)', 'tw (1)', 'th (1)']"
36PxHmbx5QrRTpuCaw4FuV,Youngn Lipz,78679.0,54,"['aussie drill', 'pop rap']","['au (8)', 'nz (2)']"
1SN71xW3yOVbPgsGFBMXTZ,Csaknekedkislány,23169.0,44,"['hungarian pop', 'hungarian rock', 'magyar alternative']",['hu (1)']
4vhqcVj9Z97OmzOY9ha2Ho,Enero,6910.0,20,['cumbia pop'],['uy (1)']
1KQJOTeIMbixtnSWY4sYs2,Paky,491113.0,71,"['italian hip hop', 'trap italiana']",['it (22)']
0fM4WhKpjJZc3a0eX947Tc,Sirius,1.0,25,[],
49tMmj6UvVRDxN1Hn4wiBi,Marvel B,2302.0,0,[],['cl (1)']
688ekAE2qdQA7jJbmqcXGL,yccc,937.0,43,['chinese viral pop'],['tw (1)']
4Gu5S2cvAxuZvPgqs5zW7e,Sonora Palacios,53866.0,45,['cumbia chilena'],['cl (2)']
3lDpdwM8KILepMHqBWUhIA,The Struts,314006.0,58,"['glam rock', 'modern alternative rock', 'modern rock']","['pl (1)', 'ch (1)']"
5aINmhPWfAHvZ5qaMdBezq,Amatria,19055.0,39,"['latin rock', 'spanish indie pop', 'spanish modern rock', 'spanish noise pop']",['mx (1)']
52kkq3LdnSafdKRWjNqKBw,Rotjoch,3871.0,54,"['dutch hip hop', 'dutch rap pop']",['nl (7)']
3nEiRzdQNmkUgoknNt9IRu,Niklas Strömstedt,37205.0,39,"['classic swedish pop', 'swedish pop']",['se (11)']
0xECfhlRzRRIIe2Co5HX6n,Squeezie,367412.0,52,['chanson virale'],"['be (1)', 'fr (7)', 'ch (1)']"
3R8cwPSchx04GTEWkLgJfe,Chdry Saqib,1976.0,0,[],['in (1)']
6SGCqG5HEr5gFZR9ct8wID,Matías Valdez,44663.0,58,['cumbia pop'],['uy (11)']
6y5amJcTjeDgLXIjtQLMst,SAYGRACE,173252.0,57,"['dance pop', 'pop', 'r&b']","['us (1)', 'gb (1)', 'au (1)', 'at (1)', 'be (1)', 'bo (1)', 'br (1)', 'bg (1)', 'ca (1)', 'cl (1)', 'co (1)', 'cr (1)', 'cy (1)', 'cz (1)', 'dk (1)', 'do (1)', 'ec (1)', 'sv (1)', 'ee (1)', 'fi (1)', 'fr (1)', 'de (1)', 'gr (1)', 'gt (1)', 'hn (1)', 'hk (1)', 'hu (1)', 'is (1)', 'id (1)', 'ie (2)', 'it (1)', 'lv (1)', 'lt (1)', 'lu (1)', 'my (1)', 'mt (1)', 'mx (1)', 'nl (1)', 'nz (1)', 'ni (1)', 'no (2)', 'pa (1)', 'py (1)', 'pe (1)', 'ph (1)', 'pl (1)', 'pt (1)', 'sg (1)', 'sk (1)', 'es (1)', 'se (1)', 'ch (1)', 'tw (1)', 'tr (1)']"
72mJx5QexvdKQK1mi5CB4T,Talal Sam,6451.0,22,[],['sa (1)']
5rhznZjKfSxtKVqB0JZtpC,Bonde R300,575282.0,42,"['funk carioca', 'funk paulista']",['br (1)']
4nT1hsAySSK78ycor1bVn0,Dengaz,66996.0,32,"['hip hop tuga', 'rap angolano']",['pt (5)']
6KGWY3YSxi1rBESkloCZTo,Ezad Lazim,5734.0,29,['malaysian pop'],['my (1)']
5SVGhU7cTodC79weaAmjYy,Karetus,39121.0,37,"['hip hop tuga', 'portuguese pop']",['pt (5)']
4mYFgEjpQT4IKOrjOUKyXu,Wheatus,126347.0,63,['pop rock'],"['gb (1)', 'au (1)', 'at (1)', 'de (1)', 'ie (2)']"
1svhqU5A39QYEmwbswohYD,Grend Kid,4321.0,33,[],"['cy (1)', 'gr (1)']"
78sIlhMniFgXlOrNWnPtIl,Tegi Pannu,196582.0,61,"['desi hip hop', 'desi pop', 'punjabi pop']",['in (4)']
6jLm0BMPaQqUm0TyZqEvuP,Gypso Ariigantha,758.0,29,[],['th (1)']
1S2S00lgLYLGHWA44qGEUs,Gen Hoshino,1412333.0,64,"['j-acoustic', 'j-pop', 'japanese singer-songwriter']","['hk (2)', 'jp (21)', 'kr (2)', 'tw (2)', 'th (2)']"
4IkfIjJ8uVC6anPFCBUhNE,Cap Gold,946.0,25,[],['lt (1)']
4N20eqmDGVuWlXaS6PR00n,Janice Mangion,329.0,8,['maltese pop'],['mt (1)']
78xUyw6FkVZrRAtziFdtdu,The Roots,1216070.0,59,"['alternative hip hop', 'conscious hip hop', 'east coast hip hop', 'gangster rap', 'hardcore hip hop', 'hip hop', 'philly rap', 'political hip hop', 'southern hip hop']",['fr (1)']
4Sm7JCttzWMwHJtb3UJ8SY,Mocedades,584481.0,56,"['bolero', 'cancion melodica', 'latin pop', 'pop romantico', 'ranchera']",['mx (1)']
1xr2G8Hlx4QWmT9HaUbmoO,Young Stoner Life,90775.0,65,"['hip hop', 'rap', 'southern hip hop', 'trap']","['us (10)', 'gb (3)', 'au (1)', 'at (2)', 'be (1)', 'bg (3)', 'ca (7)', 'cy (2)', 'dk (1)', 'eg (1)', 'ee (1)', 'fi (1)', 'de (2)', 'gr (2)', 'hu (1)', 'is (5)', 'ie (1)', 'il (1)', 'lv (3)', 'lt (2)', 'lu (3)', 'ma (3)', 'nl (1)', 'nz (1)', 'no (1)', 'pt (1)', 'ro (4)', 'ru (1)', 'sa (1)', 'sk (2)', 'za (7)', 'kr (2)', 'se (1)', 'ch (3)', 'ae (3)']"
34h9cqQWoQI9E6UesG2dWz,Asala Maleh,18647.0,14,[],"['sa (2)', 'ae (1)']"
1jGH20nvJkL1AZfJDEPaHM,Yo Dawg Z,0.0,0,[],['ee (1)']
4KJ6jujcNPzOyhdNoiNftp,lovelytheband,360970.0,61,"['indie poptimism', 'modern alternative rock', 'modern rock']","['us (1)', 'ca (1)', 'ee (1)', 'lv (1)', 'lt (1)', 'mt (1)', 'nz (1)', 'sk (1)', 'tw (1)']"
5lLVx3mMyUvZ9QKzM09CZa,Khrystyna Soloviy,158107.0,45,"['ukrainian folk rock', 'ukrainian pop', 'ukrainian rock']",['ua (2)']
6fXPelw8Z7kOBY0waHAdwO,Nks,18466.0,32,"['hungarian hip hop', 'hungarian underground rap']",['hu (1)']
0WleeEe3UurwlNbDGhb5Yz,ALLMO$T,821638.0,53,"['opm', 'pinoy hip hop', 'pinoy r&b', 'tagalog rap']","['ph (6)', 'ae (1)']"
6q4uDyPsXgd2pezy0dYgtE,ZINNIA,27.0,0,[],['is (1)']
4HyBLptfM7nZhrcss4if7x,Ung Hoang Phuc,195065.0,37,['v-pop'],['vn (1)']
48h12D3cJbqfn1ReVL9qbw,Strat,29039.0,56,['greek drill'],"['cy (2)', 'gr (15)']"
6xF3XdxG7VHRmQmTJxRqX8,Manu Gavassi,724049.0,53,"['funk carioca', 'nova mpb', 'pop', 'pop nacional', 'post-teen pop']",['br (3)']
38Bf9u0Tg0JOEcjxzqSuAj,JR Torres,53365.0,60,"['corrido', 'corridos tumbados', 'musica mexicana', 'nueva musica mexicana', 'sierreno']",['mx (1)']
145zDAbvELoocgZ4bZrSXe,3 Composers,27283.0,46,['indonesian pop'],['id (1)']
6NhHJhA9RUuIkeGgecjRBM,UNICEF Iceland,228.0,6,['icelandic hip hop'],['is (1)']
5zVEKXJri9Ef1x6vMam3jk,Vino,666.0,21,[],['no (1)']
5sc0loMqCN6R1ap06baL2K,Tareq Al Harbi,22099.0,19,['gulf hip hop'],"['sa (1)', 'ae (1)']"
2h93pZq0e7k5yf4dywlkpM,Frank Ocean,9951370.0,83,"['hip hop', 'lgbtq+ hip hop', 'neo soul', 'pop']","['us (17)', 'gb (10)', 'au (15)', 'at (1)', 'be (3)', 'bg (4)', 'ca (14)', 'cy (1)', 'dk (13)', 'ee (7)', 'fi (1)', 'fr (1)', 'de (1)', 'gr (2)', 'hk (1)', 'hu (1)', 'is (20)', 'id (1)', 'ie (8)', 'lv (5)', 'lt (8)', 'lu (2)', 'mt (1)', 'nl (1)', 'nz (14)', 'no (7)', 'pl (1)', 'pt (6)', 'ro (1)', 'sa (1)', 'sg (2)', 'sk (3)', 'za (4)', 'se (6)', 'ch (3)', 'ae (2)']"
0GykMtlKoc68Hj2jwZLXul,Nosowska,98696.0,44,"['polish alternative', 'polish pop']",['pl (2)']
35EByCqBoI2ze5Gf1cqdQu,Brent,5330.0,29,[],"['be (1)', 'nl (1)']"
5ylOD196qui8JgXBrQUzok,Kyo,244161.0,51,"['chanson', 'francoton', 'french pop', 'french rock']",['fr (1)']
6RvSPZZyrLReQqRW3xt8ZI,Tovino Thomas,6274.0,47,['mollywood'],['ae (1)']
6DiAVYfSzZi8h1fGuTD6LI,Jimmy Bondoc,409546.0,46,"['classic opm', 'opm']",['ph (1)']
7kUbO9TQchk9kF6nvfhOcY,Thascya,1876.0,12,[],['br (2)']
12GqGscKJx3aE4t07u7eVZ,Peso Pluma,72985.0,72,"['corrido', 'corridos tumbados', 'musica mexicana', 'nueva musica mexicana']","['sv (1)', 'gt (2)', 'hn (1)', 'mx (2)', 'ni (1)']"
57RYqNhEvaNiafuP1X73GS,Equalz,75937.0,48,"['dutch hip hop', 'dutch pop', 'dutch rap pop']","['be (1)', 'nl (26)']"
2VdxcRZenJ5qgyMjZv5wOI,One Function,4771.0,25,"['progressive psytrance', 'psychedelic trance']",['il (1)']
1WU701LQ9Ox2byHTHa1aM7,niinja,78.0,24,[],['fi (1)']
1hW7OVOpi85Y1TuC5GOa8K,COSMO.,37.0,0,[],['hk (1)']
3aUl9FisrxNctsdzYh3aJX,Annie Leigh,409.0,20,['christmas instrumental'],['fi (1)']
2QslFlDyZVpLYwfqyRDkNs,Onur Can Özcan,1079883.0,60,"['turkce slow sarkilar', 'turkish pop']",['tr (4)']
7hB5MsPRlZ0sz1syE8upIK,Zävodi,644.0,6,[],['hu (1)']
1wKDGglKV4FsFS85r2Dmpr,Airbag,363911.0,61,['argentine rock'],"['ar (3)', 'uy (1)']"
6zgklcaF5juoL4nx54Ohan,Bossy,17998.0,34,"['turkish hip hop', 'turkish trap', 'turkish trap pop']",['tr (1)']
04QHNiih9ZesPvals6II1h,MC Marks,887752.0,69,"['funk carioca', 'funk consciente', 'funk ostentacao', 'funk paulista']","['br (2)', 'pt (1)']"
5yuHwiLMl8Mz5onBhn5HII,Peter Lundblad,3886.0,31,['classic swedish pop'],['se (1)']
3USGrdyXkg1eLoWJ7KhrhJ,Adi Ulmansky,4456.0,32,"['israeli hip hop', 'israeli pop']",['il (2)']
1OXHqAK6r5mF0FV94nc0pD,OG-ANIC,659693.0,45,['thai hip hop'],['th (6)']
5itNRAG8DPcD6Yrm1rFPLv,Distrito 23,70677.0,49,[],"['br (1)', 'pt (1)']"
3cjEqqelV9zb4BYE3qDQ4O,EXO,9151459.0,69,"['k-pop', 'k-pop boy group']","['bg (6)', 'hk (11)', 'id (37)', 'jp (2)', 'lt (1)', 'my (35)', 'ph (14)', 'sg (15)', 'kr (6)', 'tw (16)', 'th (26)', 'vn (16)']"
3KNYn0ah22HXySPgPkMsrS,Eirikur Hauksson,530.0,18,"['classic icelandic pop', 'icelandic rock']",['is (1)']
7rPv4DjafGL4EBCatx4t8U,Skaldowie,31577.0,38,"['classic polish pop', 'polish pop']",['pl (1)']
7nAL6HRisO90oRTDWIF2IC,100 First Songs' Participants,586.0,32,"[""muzika l'yeladim""]",['il (1)']
4BgNISEfw70NKXHb9lIB8O,Iskrata,6855.0,23,['bulgarian pop'],['bg (1)']
1GedScfXwlE0mqLZzzliN2,Ben Delay,6377.0,35,"['deep groove house', 'groove room', 'house']",['bg (1)']
18KsILOMx3thJRzBYBnKHW,J-Dawg,2805.0,41,['russelater'],['no (1)']
0iwYda8PBVlR2xj8tPGpbm,Anni Lahe,1958.0,30,"['finnish dance pop', 'finnish pop']",['fi (4)']
5Pq1eqKbVKRziJs6cSUoBy,La Joven Guardia,12215.0,30,"['pop romantico', 'rock nacional']",['ar (1)']
1ZRgSgUcrIJQOzhiDNrUVL,Frida Green,1837.0,37,['eurovision'],['se (1)']
2ufQfSFDFXfMS7MEMzdGZE,Białas,520650.0,66,"['polish hip hop', 'polish trap']",['pl (55)']
4KWTAlx2RvbpseOGMEmROg,R.E.M.,3671605.0,72,"['alternative rock', 'athens indie', 'permanent wave', 'pop rock', 'rock']","['ar (1)', 'au (1)', 'be (1)', 'cr (1)', 'nz (1)', 'pe (1)', 'pl (1)', 'es (2)', 'tr (1)']"
74YbW6s8CZdaYLxJU9HeS7,Mister You,968075.0,61,"['francoton', 'french hip hop', 'pop urbaine', 'rap francais']","['fr (8)', 'ma (5)']"
4Fip6EDZhA4qDiA1vS0Oe5,Phạm Toàn Thắng,1567.0,17,"['indie viet', 'vietnamese singer-songwriter']",['vn (1)']
6YqdtpUutxodni6lUD4stM,WANIMA,1128711.0,60,"['j-pop', 'j-punk', 'j-rock', 'japanese pop punk', 'japanese punk rock']",['jp (8)']
3cbd5GWGOknxmFAe77MDbk,ELLEGARDEN,474737.0,54,"['j-pop', 'j-poprock', 'j-rock', 'japanese emo', 'japanese pop punk', 'japanese punk rock']",['jp (6)']
42jeWT1YU3yKejPa704z25,Hypzex,25153.0,49,['new school turkce rap'],['tr (1)']
2vRJ1xr5DT4PdBnM63DBJZ,Ismo,172609.0,50,"['dutch hip hop', 'dutch rap pop']","['be (1)', 'nl (47)']"
2uK9brrdr72aG8DS0X7M60,Superbrothers,134.0,10,['mgp'],['dk (1)']
2HYZy1ndUbE1sJw9zfOaEB,呂薔Amuyi,5165.0,28,"['chinese electropop', 'taiwan pop']",['tw (1)']
5jHHrDL2sqDqV326TvhQlK,Slimso,3843.0,17,"['slovak hip hop', 'slovak trap']",['sk (1)']
4qCKUiCnxl18wGx7Bvk5fD,MAI LAN,19496.0,41,['french indie folk'],['fr (1)']
2SIBY7Jwq1kYng12Zguo3C,ReoNa,234902.0,55,"['anime', 'j-pixie']",['jp (1)']
6llw8XIxsVzsgC0IJorLLo,Nico & Kim,7822.0,22,[],['tw (2)']
062AuVsQPIt8pXzbENjI9p,Kamil Hoffmann,11731.0,46,"['czech hip hop', 'czsk hip hop']",['sk (3)']
0MxxbjQyul7WXUFy0O6qiu,Tomas Heredia,8339.0,29,"['deep uplifting trance', 'progressive house', 'progressive trance']",['ar (1)']
0n1Ay4Uwuc0QkRXYAnExp8,SarahStiltner,0.0,0,[],['ni (5)']
5i0snp4GKBLiFsAZAwuJ5b,Leo Gassmann,22392.0,28,[],['it (2)']
6arfS6PinvWKGyMd1AqgFI,Balqees,218601.0,44,"['arab pop', 'khaleeji iraqi', 'khaliji', 'yemeni pop']","['eg (1)', 'ma (2)', 'sa (4)']"
4QFG9KrGWEbr6hNA58CAqE,Aleman,4091128.0,74,"['mexican hip hop', 'trap mexicano']",['mx (10)']
1B0fCkXH620aujSMm3wIKS,Sura İskenderli,362407.0,54,"['turkish pop', 'turkish trap pop']","['cy (1)', 'tr (4)']"
1cT0pBQ6D82GzRBeoMiXkV,Denis Graça,28848.0,29,"['kizomba', 'kizomba cabo-verdiana']",['pt (1)']
3NRXKeatDxKe4apH6XawKX,DA PUMP,338313.0,45,"['j-pop', 'j-pop boy group', 'japanese dance pop', 'okinawan pop']",['jp (3)']
2zw4zwwb2LoNYssj3hdLoa,b.G,355.0,46,['russelater'],['no (1)']
4cSYNpczcvTUpnPMFDLsIc,Raaban,418984.0,58,[],"['at (1)', 'br (1)', 'cl (1)', 'co (1)', 'cz (2)', 'dk (5)', 'ec (1)', 'sv (1)', 'ee (8)', 'fi (15)', 'de (1)', 'gr (1)', 'gt (1)', 'hn (1)', 'hu (3)', 'is (1)', 'ie (1)', 'it (1)', 'lv (2)', 'lt (4)', 'mt (1)', 'nl (1)', 'no (14)', 'pa (1)', 'py (1)', 'pt (1)', 'ro (1)', 'sk (2)', 'es (1)', 'se (13)', 'ch (1)', 'tr (1)', 'uy (1)']"
1wak0ZG1LUrZPYx8RDTQoD,Noa Kirel,330394.0,55,['israeli pop'],['il (18)']
2PGHvstK1cEjR9AX2ERq9l,Myles 6ix,5277.0,34,"['hip hop tuga', 'rap criolo']",['pt (1)']
19MVxKZZdPj2X0F8pi0OCT,Sukhwinder Singh,379324.0,66,"['classic bollywood', 'desi hip hop', 'desi pop', 'filmi', 'modern bollywood']",['in (1)']
28JPqJh7jsUuxus33Kfwe7,Joe Flizzow,214966.0,49,"['malay rap', 'malaysian hip hop', 'malaysian indie', 'malaysian pop', 'singaporean hip hop']",['my (11)']
5TIgVeqYHwf9v56rySzVRw,William Last KRM,11957.0,26,['botswana pop'],['za (1)']
3giS0ZS4ACM4WKXU1VklAD,Антон Токарев,3065.0,38,[],"['ru (1)', 'ua (1)']"
1b7AEdUSudOQoZF5ebUxCL,Humbe,367856.0,62,['monterrey indie'],"['bo (4)', 'cr (3)', 'ec (4)', 'sv (4)', 'gt (3)', 'hn (4)', 'mx (4)', 'ni (2)', 'pa (2)', 'py (1)', 'pe (5)']"
6aHaYKL09sA8L260zXNlVR,andreas odbjerg,37083.0,58,"['danish pop', 'scandinavian r&b']",['dk (7)']
33oY0RTyXAMYBM6QSImuo7,Mike 曾比特,28108.0,45,"['cantopop', 'hk-pop']",['hk (7)']
1Qx9W9TY2vPox7BS9urTlK,Lulu Huang Lu Zi Yin,9028.0,24,['taiwan pop'],['tw (1)']
6HwRSGDwpltqE6T0xQF8Xu,Noa,36231.0,41,['israeli pop'],['es (1)']
2UhQHcRXyVTc6IO0bFIRh3,DJ Abdel,30064.0,43,"['french hip hop', 'french pop', 'rap marseille']",['fr (2)']
0AsThoR4KZSVktALiNcQwW,Chloe x Halle,1857184.0,60,"['alternative r&b', 'dance pop', 'pop', 'post-teen pop', 'r&b', 'rap', 'urban contemporary']","['us (1)', 'my (1)', 'nz (1)', 'za (2)']"
3j0p8s4ghZuEazM5zyiHsD,Beatzarre & Djorkaeff,1254.0,36,[],"['at (1)', 'de (1)', 'lu (1)', 'ch (1)']"
03eZ4y8baXNaR68hpkkDoq,Amuly,89399.0,54,['romanian trap'],['ro (30)']
5TKat8l0kj32ZBTActy8U6,Zlyj Reper Zenyk,5111.0,34,['ukrainian rock'],['ua (1)']
2Xlia1jlI7JDki4Xa42uyK,Phạm Nguyên Ngọc,27323.0,48,"['v-pop', 'vietnamese singer-songwriter']",['vn (3)']
1ioDAlx6i5snCxm2z9ZnUD,Akihito Okano,5374.0,37,[],['jp (1)']
6vWDO969PvNqNYHIOW5v0m,Beyoncé,32087569.0,88,"['dance pop', 'pop', 'r&b']","['us (31)', 'gb (34)', 'ar (2)', 'au (27)', 'at (5)', 'be (25)', 'bo (1)', 'br (32)', 'bg (17)', 'ca (25)', 'cl (2)', 'co (2)', 'cr (3)', 'cy (14)', 'cz (6)', 'dk (13)', 'do (7)', 'ec (2)', 'eg (1)', 'sv (2)', 'ee (16)', 'fi (7)', 'fr (13)', 'de (6)', 'gr (9)', 'gt (2)', 'hn (2)', 'hk (7)', 'hu (9)', 'is (35)', 'in (1)', 'id (2)', 'ie (37)', 'il (10)', 'it (4)', 'lv (13)', 'lt (19)', 'lu (15)', 'my (7)', 'mt (9)', 'mx (2)', 'ma (2)', 'nl (23)', 'nz (24)', 'ni (1)', 'no (16)', 'pa (5)', 'py (2)', 'pe (2)', 'ph (10)', 'pl (11)', 'pt (24)', 'ro (5)', 'sa (2)', 'sg (10)', 'sk (8)', 'za (26)', 'kr (5)', 'es (4)', 'se (17)', 'ch (13)', 'tw (11)', 'th (2)', 'tr (6)', 'ae (13)', 'uy (2)', 'vn (2)']"
7gmUEqRjXK144s5jQMVc8c,Yanix,267840.0,56,"['russian hip hop', 'russian trap']","['ru (5)', 'ua (4)']"
0ru4hXR4RJY1mikvbQKgWa,Jon Lajoie,144988.0,57,"['comedy rap', 'comic', 'parody']","['at (1)', 'cy (1)', 'cz (1)', 'hu (1)', 'in (1)', 'sa (1)', 'sk (1)', 'ch (1)']"
52UG8G6AruhsvcBTGSrCT6,الياس السته,516.0,16,[],['sa (1)']
2TM0qnbJH4QPhGMCdPt7fH,Neck Deep,807103.0,64,"['pop punk', 'uk pop punk']","['gb (1)', 'id (1)']"
5re6NsyXzHg6uvNimzQ3F6,Jota Quest,1988986.0,63,"['brazilian rock', 'mpb', 'pop rock brasileiro', 'rock mineiro', 'rock nacional brasileiro']",['br (1)']
6P5E47LG2XlrXhGu5Ia17x,S1sco,9993.0,39,"['norwegian pop rap', 'norwegian trap']","['dk (1)', 'no (7)']"
5vJv1jaLvJ1pLsYVtOdbOH,Biggio e Mandelli,235.0,0,[],['it (1)']
40KlwpvpKEQtZTJgbml8lT,Teoman,1866271.0,64,"['turkish pop', 'turkish rock']",['tr (11)']
3KNIG74xSTc3dj0TRy7pGX,BLEU,1159612.0,67,"['alabama rap', 'pop rap', 'r&b', 'rap', 'trap']","['us (1)', 'gb (1)', 'ca (1)', 'za (1)']"
5oP7iVvyqD5UI082VrLKiw,Dusk Till Dawn,7025.0,17,[],"['at (1)', 'de (1)']"
31czVneIywpUwJTNOVviJx,Sinan Akçıl,407157.0,48,"['deep turkish pop', 'turkish pop', 'turkish trap pop']",['tr (4)']
581C5Qwl87TskfBEzuoisu,Cafuné,104061.0,69,['brooklyn indie'],"['us (1)', 'id (1)', 'sa (1)', 'sg (1)', 'ae (1)']"
54AKFsyvnohZgODDzDN4bM,Konen på torget,44.0,16,[],['no (1)']
0huGjMyP507tBCARyzSkrv,Cordae,1803987.0,68,"['dmv rap', 'hip hop', 'rap', 'trap', 'underground hip hop']","['us (5)', 'au (1)', 'ca (3)', 'ie (1)', 'lu (1)', 'nz (1)', 'no (1)', 'za (2)']"
6ltKIf1bortd0DQbpgKdQu,Jimbo J,22211.0,47,['israeli hip hop'],['il (1)']
4h8pGxEIOi7j4me1yhYxlD,LSP,676616.0,56,"['belarusian hip hop', 'russian alt pop', 'russian hip hop', 'russian pop']","['ee (1)', 'lv (1)', 'ru (35)', 'ua (26)']"
3ahVFszO9ucf8JQLCNQeYA,Anggun,54777.0,44,"['indonesian pop', 'indonesian rock']",['id (1)']
6SQ1V0fuKnQGrLYE37Q1n3,MIGI,3212.0,37,"['swedish hip hop', 'swedish trap pop']",['se (2)']
5sXx89ZqVFOUKTl5g2uiST,Casseurs Flowters,381006.0,50,"['french hip hop', 'rap conscient']",['fr (12)']
50Ok7VGw5P8rdEWulpTkGP,ATELLWULF,1426.0,38,['ukrainian viral pop'],['ua (1)']
2Cd98zHVdZeOCisc6Gi2sB,Technotronic,226647.0,57,"['eurodance', 'europop', 'hip house', 'new beat']","['ar (1)', 'es (1)']"
6rGGxP2TgRe3vhRh0y9oQd,P.A.T.,41135.0,40,['czsk hip hop'],['sk (2)']
6t41YgqHULlgOq9TK1kcrG,The Kiffness,92924.0,50,"['cape town indie', 'south african pop', 'south african pop dance']","['lt (1)', 'ua (1)']"
2Hjj68yyUPiC0HKEOigcEp,Jesse McCartney,922306.0,61,"['dance pop', 'neo mellow', 'pop', 'post-teen pop']","['ca (1)', 'cz (1)', 'ee (1)', 'gr (1)', 'hk (1)', 'hu (1)', 'is (1)', 'lv (1)', 'lt (1)', 'my (2)', 'ph (2)', 'sg (1)', 'sk (1)', 'tw (1)', 'tr (1)']"
2xIz15hobHoCcGDPdV449R,Jah Darko,833.0,14,[],['lt (1)']
1usmBbXRC0bMPPUaaebBVw,Jayboogz x NAVI,1434.0,30,[],['nl (1)']
06nevPmNVfWUXyZkccahL8,Gregory Porter,555161.0,60,"['contemporary vocal jazz', 'jazz pop', 'neo soul', 'vocal jazz']","['be (1)', 'fr (1)', 'de (1)', 'nl (4)']"
2UqRkW2wfEkZmyvKyTTv2W,Ulises Bueno,1542894.0,59,['cuarteto'],['ar (4)']
5BgR2ZzEr8qyEjsyBPsSc3,SHELOVESKAMO,647.0,13,[],['za (1)']
6qJDDqXLd0NTNrOAL0eiVZ,Minus-One,2395.0,24,[],"['cy (1)', 'ee (1)', 'lt (1)', 'mt (1)', 'se (1)']"
6ptdMFoqgQZRoccAYK9Opd,hachi,80625.0,47,"['anime rock', 'vocaloid']",['jp (1)']
5hHcAWKNV84BEbkRnbQ6A7,Kensington,420722.0,57,"['dutch indie rock', 'dutch pop', 'dutch rock']","['hu (1)', 'nl (24)']"
0Je74SitssvJg1w4Ra2EK7,4 Non Blondes,395854.0,63,"['new wave pop', 'pop rock']",['py (1)']
5p7mWeX4RlvqBCxylfiXdE,KC Rebell,1159849.0,63,"['deep german hip hop', 'german drill', 'german hip hop']","['at (54)', 'de (69)', 'lu (20)', 'ch (46)']"
75BpzyPsw3G3R8xiCoHaEM,SOYTURISTA,6332.0,41,[],['uy (2)']
3Mcii5XWf6E0lrY3Uky4cA,Ice Cube,6028684.0,74,"['conscious hip hop', 'g funk', 'gangster rap', 'hip hop', 'rap', 'west coast rap']","['us (1)', 'ca (1)', 'ee (1)', 'fi (1)', 'is (2)', 'lv (1)', 'lt (1)', 'nz (1)', 'sa (2)']"
4y0wFJ5jmCUNRLZfsw1I7g,AB6IX,517884.0,48,"['k-pop', 'k-pop boy group']","['sg (1)', 'tw (1)', 'th (1)']"
2ZU17vJPB8ZBfwc284vBjR,Rollsout,1256.0,27,"['czech hip hop', 'slovak hip hop']",['sk (1)']
77tySlfNCOSAhpjqD8Q8IL,Tøsedrengene,33333.0,41,"['classic danish pop', 'danish pop', 'dansktop']",['dk (1)']
19ra5tSw0tWufvUp8GotLo,George Michael,3898805.0,71,['dance pop'],"['gb (3)', 'ar (1)', 'au (2)', 'be (3)', 'bg (3)', 'cl (1)', 'cr (1)', 'cy (1)', 'dk (2)', 'ec (1)', 'sv (1)', 'fi (1)', 'gr (1)', 'hn (1)', 'hk (1)', 'hu (1)', 'is (2)', 'ie (3)', 'it (2)', 'lt (1)', 'lu (2)', 'mt (1)', 'nl (2)', 'ni (1)', 'pe (1)', 'pl (2)', 'pt (3)', 'sa (1)', 'sk (1)', 'es (2)', 'se (3)', 'tr (1)']"
7Bm7VtCioRLuoEdKAqAmRx,Alvar & Millas,576.0,20,[],['be (1)']
1yKCQp9RVRzENoLUnsIQT5,Knock,8295.0,22,['k-pop reality show'],['id (1)']
2ot1BrqrtRXWOgvlv4PxLl,Bassi Maraj,1131.0,13,[],['is (4)']
4Cmzjffz7uLaESQIWIs9G5,Moslem,74899.0,31,['mahraganat'],['eg (1)']
1XyP3n6D0QLoslo4SAQ6JB,Yeboyah,5118.0,34,[],['fi (5)']
0vSNFAo2h20zd3HOBcM8BX,Kenn Colt,13265.0,44,['belgian edm'],"['be (2)', 'nl (1)']"
0Fhli3d4ykenPL9cA8RYay,Regev Hod,19643.0,26,"['israeli mediterranean', 'israeli rock']",['il (2)']
45gHcnDnMC15sgx3VL7ROG,42 Dugg,710893.0,74,"['detroit trap', 'rap', 'southern hip hop', 'trap']","['us (2)', 'ca (1)']"
01UbHi56W0paf624zfVtYa,Sad Eye,3132.0,30,"['deep tropical house', 'scandipop']","['be (1)', 'bg (1)', 'cz (1)', 'ee (1)', 'gr (1)', 'hu (1)', 'lv (1)', 'lt (1)', 'lu (1)', 'mt (1)', 'pl (1)', 'sk (1)', 'se (2)', 'ch (1)']"
64Eb4jttIVIP6T2qVBP8wh,Slogan,36249.0,32,"['greek hip hop', 'greek trap']","['cy (1)', 'gr (20)']"
0A7CUcSt9ppPPZ82urqmX9,We,2941.0,33,['russian alt pop'],"['ru (1)', 'ua (1)']"
6WOaBFTxwD7SMMT8ZRTYga,Senkise,23554.0,28,"['hungarian pop', 'magyar trap']",['hu (2)']
2rPOaAdN74S2D0Kw3ImL5O,Elpatron970,122585.0,60,"['drill espanol', 'rap espanol', 'urbano espanol']",['es (1)']
7f0OLhGgBMX9fUjm1dcPip,Alice Merton,319980.0,57,[],"['gb (1)', 'at (3)', 'bg (1)', 'cy (1)', 'fr (1)', 'de (2)', 'is (1)', 'ie (1)', 'il (1)', 'it (1)', 'lu (1)', 'pl (2)', 'sk (1)', 'ch (1)', 'tr (1)']"
7pqRrWbKf5yMxy79G3YdKc,Sydney Yungins,60998.0,46,['aussie drill'],"['au (1)', 'nz (1)']"
1cAU5q0s8zKdMTNAZ8CJht,Ivana Santacruz,13829.0,32,['german r&b'],['de (2)']
6GBIcdZ5aBhhsd7Y6c3O3g,SLAPKISS,14116.0,45,['thai pop'],['th (5)']
3X8viboyMAibq7WDRxqY4J,Anne Brændeland,1834.0,41,"['barnemusikk', 'classic norwegian pop']",['no (1)']
1z4o1fHqSUuL8pd9WdP6wF,Zigfrīds Muktupāvels,1670.0,18,['latvian pop'],['lv (2)']
3zx1v6xCo7VE8vxhhyqr5Y,Brady Watt,6118.0,37,[],['nl (1)']
3jNp263VZXVLzuznuLgghq,Khai Bahar,251710.0,42,['malaysian pop'],['my (4)']
1fUMEn4Yk7ZUloozE0fRLL,Jamie Woon,189742.0,46,['british soul'],['fr (1)']
6bguntfj9ZnX1lFvSYl72d,Numcha,30501.0,45,"['chill r&b', 'thai indie pop']",['th (1)']
2UOVgpgiNTC6KK0vSC77aD,Amorphis,269825.0,50,"['finnish death metal', 'finnish melodeath', 'finnish metal', 'folk metal', 'gothic metal', 'melodic death metal', 'metal', 'power metal', 'progressive doom']",['fi (20)']
5CCwRZC6euC8Odo6y9X8jr,Rita Ora,7592797.0,73,"['dance pop', 'edm', 'electropop', 'pop', 'pop rap', 'post-teen pop', 'tropical house', 'uk pop']","['us (6)', 'gb (9)', 'au (8)', 'at (8)', 'be (7)', 'bo (2)', 'br (5)', 'bg (9)', 'ca (8)', 'co (1)', 'cy (5)', 'cz (8)', 'dk (7)', 'do (1)', 'sv (1)', 'ee (11)', 'fi (9)', 'fr (6)', 'de (9)', 'gr (8)', 'gt (3)', 'hn (1)', 'hk (8)', 'hu (11)', 'is (7)', 'in (2)', 'id (4)', 'ie (9)', 'il (3)', 'it (6)', 'jp (4)', 'lv (9)', 'lt (11)', 'lu (7)', 'my (8)', 'mt (8)', 'mx (2)', 'nl (7)', 'nz (7)', 'no (9)', 'pa (3)', 'py (1)', 'ph (8)', 'pl (7)', 'pt (7)', 'ro (4)', 'ru (1)', 'sg (8)', 'sk (9)', 'za (1)', 'es (4)', 'se (6)', 'ch (9)', 'tw (11)', 'th (5)', 'tr (6)', 'ua (1)', 'ae (1)', 'uy (2)', 'vn (3)']"
4vPryUsOzD7R9daRuvKwFz,Blacky,4790.0,29,"['swedish drill', 'swedish gangsta rap', 'swedish hip hop', 'swedish trap']",['se (2)']
6YmUDCGfrpC4KXX7Dgz7Tp,Amarosis,181.0,5,['icelandic pop'],['is (2)']
1Vh7W88iSKpmKtMDFoX6Bz,Fuerza Azul - Cartaginés,249.0,10,[],['cr (1)']
179XJA4Q2PPPkPbjPvSRt7,Ning Baizura,18626.0,27,"['classic malaysian pop', 'malaysian pop']",['my (1)']
788HzQOFhN3mcDo0InBqbJ,Ismael Rivera,426643.0,50,"['bomba y plena', 'latin jazz', 'puerto rican folk', 'salsa', 'tropical']",['pa (1)']
4Rk73iQDoHfnOteViniXY1,Mihaela Marinova,20167.0,30,['bulgarian pop'],['bg (8)']
78TMykAte8FKWQ3f6cQBol,Point,223.0,0,['thai pop'],['th (1)']
1zC1xZlDXqJ0UIKpT6MemX,Kastrācija,2122.0,37,['latvian hip hop'],['lv (2)']
0wJqO18c6Z7FzHEyM0sM4b,Chriz & Heino,696.0,0,['dakke dak'],['dk (1)']
1PIujpIZmCo918lfPJfn3w,LILBRO,1554.0,37,"['finnish drill', 'finnish hip hop', 'finnish trap']",['fi (2)']
5O4bo0A67AfwXHqU4CNRau,Harry Brown,229.0,1,[],['lu (1)']
4zf0kIjnzqjWlI3Eaw5VlA,Stadio,245098.0,46,"['classic italian pop', 'italian adult pop']",['it (1)']
145Ld7BQguLlBwxkO2oMpz,Cess,1774.0,22,[],['no (1)']
0jyWp3IsW6cXOb42UG0fOA,Zwei Am Morge,897.0,10,[],['ch (1)']
7zFBW2JxM4bgTTKxCRcS8Q,Hiphop Tamizha,5882014.0,65,"['desi hip hop', 'tamil hip hop', 'tamil pop']",['in (4)']
7n6JzP9GxGVVzXG0t0gLu3,Zhang Bichen,109395.0,48,"['chinese drama ost', 'mainland chinese pop']",['tw (2)']
2EsTolBYIEICM1kx7MGluy,Panos Kiamos,138555.0,47,"['greek pop', 'laiko']","['cy (2)', 'gr (3)']"
6Ka3TKKRqhWwbmuxjhrmo6,mc jhenny,5223.0,51,['funk mandelao'],"['br (1)', 'pt (1)']"
3iTsJGG39nMg9YiolUgLMQ,Morrissey,929637.0,59,"['britpop', 'madchester', 'new wave', 'permanent wave', 'pop rock', 'rock', 'solo wave']",['py (1)']
32x1uogH2zajP85pzZAtuE,Axel,1353402.0,56,"['argentine telepop', 'latin arena pop', 'latin pop']","['ar (4)', 'mx (1)', 'es (2)', 'uy (1)']"
0NmtgATbZcejMnRU5ixeSs,G.bit,108428.0,41,['italian hip hop'],['it (2)']
1Dd0DajYMxzu1Q6kuXLyJ3,Hoàng Yến Chibi,137802.0,34,['v-pop'],['vn (3)']
0vr0zXChKgWdimahgBF8U4,Perkons,6150.0,26,"['latvian pop', 'latvian rock']",['lv (4)']
7zVYyYhGZxvPHPuhzReYHP,Ziynet Sali,1049717.0,60,"['turkish pop', 'turkish trap pop']",['tr (10)']
1Td3Fc1O4YfK9KxeZDAoOu,Blue Shade,58108.0,44,"['thai indie rock', 'thai pop']",['th (4)']
0UtXMxHMXhwQUI6G6TFDt1,Gin Lee,60282.0,45,"['c-pop', 'cantopop', 'malaysian mandopop']",['hk (17)']
7Ln80lUS6He07XvHI8qqHH,Arctic Monkeys,15862633.0,86,"['garage rock', 'modern rock', 'permanent wave', 'rock', 'sheffield indie']","['us (4)', 'gb (29)', 'ar (16)', 'au (13)', 'at (2)', 'be (16)', 'bo (7)', 'br (11)', 'bg (25)', 'ca (4)', 'cl (7)', 'co (8)', 'cr (5)', 'cy (8)', 'cz (13)', 'dk (2)', 'do (1)', 'ec (6)', 'eg (2)', 'sv (3)', 'ee (12)', 'fi (4)', 'fr (2)', 'de (1)', 'gr (17)', 'gt (1)', 'hn (3)', 'hk (1)', 'hu (16)', 'is (5)', 'id (5)', 'ie (27)', 'il (15)', 'it (4)', 'lv (14)', 'lt (17)', 'lu (3)', 'my (7)', 'mt (12)', 'mx (8)', 'nl (3)', 'nz (10)', 'ni (2)', 'no (2)', 'pa (2)', 'py (5)', 'pe (4)', 'ph (2)', 'pl (19)', 'pt (23)', 'ro (16)', 'sa (2)', 'sg (4)', 'sk (15)', 'es (7)', 'ch (2)', 'tw (2)', 'th (5)', 'tr (11)', 'ua (4)', 'ae (4)', 'uy (5)', 'vn (1)']"
70AxvzheOXDQyTyWn3wdIV,BL,4950.0,32,[],['se (1)']
378dH6EszOLFShpRzAQkVM,Lindsey Stirling,1943879.0,64,"['bow pop', 'pop violin']",['at (1)']
3MZpb7Owf8kVwJS6B7iiXB,Real Phantom,38760.0,28,['panamanian pop'],['pa (1)']
2TZJIIHDLfgdMLFejURyKf,De Kraaien,10329.0,43,['nederlandse hardstyle'],['nl (1)']
3JgxYKorIJ2z5QIRSCsfMw,Jorge Acosta,2129.0,41,['folklore paraguayo'],['py (1)']
51TXQniEQkYh89tfLjiuSy,Ant Wan,130309.0,64,"['swedish drill', 'swedish gangsta rap', 'swedish hip hop', 'swedish trap', 'swedish trap pop']","['no (1)', 'se (69)']"
2ZuJ3O0fOv3tkh6CFmyrf2,Nora Istrefi,31292.0,43,"['albanian pop', 'kosovan pop', 'tallava']",['ch (1)']
6n28c9qs9hNGriNa72b26u,PNAU,188737.0,75,"['alternative dance', 'aussietronica', 'australian dance', 'australian electropop']","['au (4)', 'nz (2)']"
4xnihxcoXWK3UqryOSnbw5,Sasha Alex Sloan,1174594.0,70,"['alt z', 'electropop', 'pop']","['us (1)', 'ca (1)', 'my (3)', 'ro (1)', 'sg (3)', 'tw (2)', 'th (1)', 'vn (2)']"
4xDQu5BGcjlV8UJRgg5hw3,Multe,157.0,0,[],['sa (1)']
0LtICwkx09q0oc4VjuwJTT,ANYA,9013.0,28,['danish pop'],['dk (1)']
6Fzcb6MUQTqnojF8woJsKd,Keya,3669.0,27,"['swedish hip hop', 'swedish trap pop']",['se (1)']
3T0mKZYTDmRODhPJYsQNoz,Mr. Crazy,194766.0,40,"['moroccan pop', 'rai', 'rap maroc']",['ma (1)']
7bDY7ck0pXuKESZtEt1X5d,Japãozin,317625.0,59,['forro'],['br (1)']
2JwEiVkGIuCxy70AClY24s,Beatrice,701.0,26,['estonian pop'],['ee (4)']
1umTeYMbiCSj1nl2fqXVcZ,The Main Level,15509.0,28,['scandipop'],"['cz (1)', 'gr (1)', 'hu (1)', 'lt (1)', 'mt (1)', 'no (5)', 'pl (1)', 'sk (1)', 'ch (1)']"
333YnXVABJave9XZSFbSMD,Prodigio,23639.0,30,['rap angolano'],['pt (1)']
0VOGPk9LCPMxzjkiX5JdZF,Joe Weller,76867.0,38,"['deep groove house', 'social media pop']","['gb (2)', 'ie (1)']"
2SWOP0LsgpQQZa8olP3Wup,Dear Jack,40118.0,31,['italian adult pop'],['it (1)']
2ixSzFmACsZSsx40fXTNYk,Dimension Latina,39435.0,57,"['salsa', 'salsa venezolana', 'tropical']","['co (1)', 'cr (1)', 'do (1)', 'ec (1)', 'pa (1)']"
5qRupOBfjmAEIZ1WLvlEhd,Hermanos Inglesos,3785.0,24,[],"['ar (1)', 'cl (1)', 'mx (1)', 'pe (1)', 'uy (1)']"
4EPYWwU4c8eG2GzD7MenUA,Kim Feel,85931.0,48,"['k-pop', 'korean pop']","['id (1)', 'my (1)', 'tw (1)', 'vn (1)']"
1eQJUHJRurFXGd3j8i8W4x,Lady Du,149778.0,47,['amapiano'],['za (3)']
7j5PGC0BF48rRtcmgbVvOT,Arsy Widianto,478123.0,57,['indonesian pop'],['id (4)']
4FH8uYhn6QPw0TPttVqpSY,Rümeysa,1846.0,19,[],['tr (1)']
6pWa7vRheyK4dmNJ2cg0gA,DOC,43011.0,38,['romanian rap'],['ro (1)']
3MNnSV5hDd2UzZzgqD8xlU,Shay,242508.0,53,"['francoton', 'french hip hop', 'pop urbaine']",['fr (14)']
44ZNcW1ZSGB9oqX1ALnriH,Xesi,3926.0,35,[],['vn (2)']
2TpaCFJmJnvjXcq2Dyajfa,Summer All Stars,8351.0,27,['czech pop'],['cz (1)']
7ExWkh4tY8Y0HYmTD3kz7Y,Samantha,34495.0,37,"['latin talent show', 'latin viral pop']",['es (1)']
3AIPhNgeF9S1Kyg9Yy3UQW,Dani Martín,794946.0,64,"['latin pop', 'spanish pop', 'spanish pop rock']",['es (21)']
48saLdhDhEHvAvXI7rFv31,سـعـداوى القطعانى,1090.0,22,[],['sa (1)']
5hGI3NJR6bDbvpXj9aFE4w,Rey Mbayang,100174.0,37,['indonesian pop'],['id (1)']
73GvUkYDMIcPNepUhyC8ic,RSAC,40458.0,41,"['russian alt pop', 'russian indie']","['lv (3)', 'ru (1)', 'ua (1)']"
3k785W4GFDnZfTortQlhMA,Nicklas Sahl,20524.0,44,['danish pop'],['dk (4)']
2tQbSWgZLIB8MXMnsXVRro,Nina,621138.0,54,"['dance pop', 'opm', 'pop rock']",['ph (2)']
2RtSQc4iJ27xTvMqs7gJNT,Mandi Macias,1370.0,26,[],['lt (1)']
5wPoxI5si3eJsYYwyXV4Wi,N.E.R.D,761535.0,58,"['hip hop', 'virginia hip hop']","['us (4)', 'gb (3)', 'au (3)', 'at (1)', 'be (2)', 'bg (4)', 'ca (2)', 'cy (2)', 'cz (2)', 'dk (1)', 'ee (2)', 'fi (1)', 'de (2)', 'gr (3)', 'hk (2)', 'hu (2)', 'is (2)', 'id (1)', 'ie (2)', 'il (1)', 'jp (1)', 'lv (2)', 'lt (2)', 'lu (2)', 'my (2)', 'mt (2)', 'nl (1)', 'nz (3)', 'no (1)', 'ph (1)', 'pl (1)', 'pt (2)', 'ro (1)', 'sg (1)', 'sk (2)', 'se (1)', 'ch (2)', 'tw (3)', 'th (2)', 'tr (1)', 'vn (1)']"
64PJHZDQTPPVBCdwnv22Wz,Josef Salvat,86616.0,46,['gauze pop'],"['gb (1)', 'at (1)', 'fr (2)', 'de (1)', 'ie (1)', 'lt (2)']"
53GzfAvawfKb966INeFp18,Batuhan Kordel,261490.0,56,['turkish singer-songwriter'],['tr (3)']
3N9qpKjXarCt5AIZRCeqr8,Seth Sentry,106459.0,47,"['australian hip hop', 'australian indie', 'australian trap', 'australian underground hip hop']",['au (1)']
3S6gaE89XewFAvZqsMuJDJ,Norm Ender,1725869.0,56,"['turkish hip hop', 'turkish trap']",['tr (19)']
0F2sO0QaLK1iakw7sR80xB,Kacha Nontanun,12601.0,33,['thai idol'],['th (3)']
4TLEIkw2ZiwL796C8zJtST,Majed Alrslani,78599.0,34,[],['sa (2)']
41ggHbtYARi4S4JtbeRrYY,Claudinho Brasil,38501.0,40,['trance brasileiro'],['sa (1)']
12SPNXi0aDpFt0rMVbmLrr,Jay Hardway,415961.0,49,"['dutch edm', 'edm', 'electro house', 'pop dance', 'pop edm', 'progressive electro house', 'progressive house']",['nl (1)']
7DW94EEwI9pdHDXnzEg1b4,3TERNITY,22197.0,41,"['russian drain', 'russian hip hop']","['ru (1)', 'ua (1)']"
0hCNtLu0JehylgoiP8L4Gh,Nicki Minaj,26039960.0,87,"['dance pop', 'hip pop', 'pop', 'queens hip hop', 'rap']","['us (40)', 'gb (22)', 'ar (5)', 'au (19)', 'at (9)', 'be (14)', 'bo (4)', 'br (7)', 'bg (29)', 'ca (31)', 'cl (5)', 'co (5)', 'cr (5)', 'cy (15)', 'cz (10)', 'dk (7)', 'do (8)', 'ec (4)', 'eg (1)', 'sv (5)', 'ee (15)', 'fi (13)', 'fr (5)', 'de (11)', 'gr (23)', 'gt (3)', 'hn (6)', 'hk (11)', 'hu (14)', 'is (12)', 'in (2)', 'id (1)', 'ie (17)', 'il (6)', 'it (5)', 'jp (1)', 'lv (13)', 'lt (15)', 'lu (14)', 'my (11)', 'mt (12)', 'mx (3)', 'ma (2)', 'nl (10)', 'nz (18)', 'ni (4)', 'no (13)', 'pa (6)', 'py (4)', 'pe (3)', 'ph (9)', 'pl (10)', 'pt (13)', 'ro (16)', 'sa (4)', 'sg (12)', 'sk (17)', 'za (11)', 'kr (2)', 'es (5)', 'se (13)', 'ch (16)', 'tw (13)', 'th (6)', 'tr (8)', 'ae (4)', 'uy (4)', 'vn (8)']"
3YuXReN1XJtyvBhUd0zjBk,HRflow,26536.0,35,['hungarian hip hop'],['hu (3)']
7owHrEghIYMf5fTVPPwkVB,Loun,88076.0,29,['rap maroc'],['ma (6)']
400dgBHAKK7icw1lrKLvBg,Drizzy Sam Rsa,2261.0,29,[],['za (1)']
5B5A66ePBh1rHxaiFwuQIf,Zensery,25614.0,52,"['deep german hip hop', 'german hip hop', 'german trap']","['at (1)', 'de (1)']"
5p47jnByDiljsM82HzlZXn,Pickal,0.0,0,[],['sk (1)']
3ClL18AtCAPwXVT6mUkBDN,Kaśka Sochacka,70210.0,54,['polish pop'],['pl (1)']
7hD6dkjWHapWVwkI6bjDFo,Ran Danker,59857.0,47,"['festigal', 'israeli pop']",['il (3)']
0y9v1aZtpENgyB9VlYoBeW,Samuli Heimo,549.0,34,[],['fi (2)']
7eVwd5OWdc9uDQwCQmBFQE,Dj Concon,28.0,34,[],['do (1)']
70SvhGqakpocD7GxVYnnBC,Mensa,11032.0,48,"['dutch drill', 'dutch hip hop', 'dutch rap pop']",['nl (7)']
2IgHMpFsnNb4T0HtVx0ZK1,Olympique,1718.0,17,"['austrian pop', 'salzburg indie']",['at (1)']
2oCQSda6vA1t27B5RWXYwb,Juno,3787.0,43,"['romanian pop', 'romanian trap']",['ro (2)']
12wTrvRwxmsbUxkLffkPfv,Chystemc,318606.0,58,"['rap chileno', 'venezuelan hip hop']",['cl (2)']
4V06fnLOo7Mc3PBbYzQaH1,Lallet,1208.0,17,['deep pop edm'],['se (1)']
5DXzQwj6Kgr5kBjVlYdSHo,Loud,124809.0,47,"['hip hop quebecois', 'pop quebecois', 'rap conscient', 'rap montrealais']",['ca (6)']
08rQYrOOREP203I2oeGXeN,Laila Samuels,486.0,17,[],['no (1)']
5jtvEWK8rn3YLrsqQ25xF3,Flairo,2.0,0,[],['lu (1)']
47SGfUcUpNggbIN9pfjDPX,BaseBoys,11459.0,31,[],"['dk (2)', 'no (1)']"
4KLjSVKOuv50f1worbibu9,Billie Martin,277.0,2,[],['ua (18)']
7qAoXV4U0qDxQAUqhszjAA,Manuel Carrasco,1892194.0,65,"['carnaval cadiz', 'latin pop', 'pop flamenco', 'spanish pop']","['co (1)', 'cr (1)', 'do (1)', 'ec (1)', 'sv (1)', 'gt (1)', 'hn (1)', 'pa (1)', 'es (18)']"
215ciYy7TIYnGRim0I1nJ3,JUNIOR CALLY,370704.0,43,['italian hip hop'],['it (22)']
1A8xiGywRrptx8atvxDqBZ,詹森淮,6861.0,27,"['chinese indie', 'taiwan indie', 'taiwan pop', 'taiwan singer-songwriter']",['tw (1)']
2MPtmNXpGTmNDWyBOW74nu,Los Laytons,75.0,1,[],['no (1)']
0e3qT2AqBNTqmo0d5OMzd6,Mairee,194896.0,52,[],"['at (2)', 'be (2)', 'cz (4)', 'dk (2)', 'fi (2)', 'ie (2)', 'lt (1)', 'lu (2)', 'no (1)', 'sk (18)']"
4XWaILHqySwH1y6LhlYcsb,ilyTOMMY,318704.0,61,"['aesthetic rap', 'emo rap', 'sad lo-fi', 'sad rap', 'viral rap']","['ee (1)', 'lv (1)', 'lt (1)']"
3eCd0TZrBPm2n9cDG6yWfF,DEAN,1269150.0,63,"['k-pop', 'korean r&b']","['hk (1)', 'my (1)', 'kr (2)', 'tw (3)', 'th (1)', 'vn (1)']"
1ROCm464bwrV5lPnUEt8S1,Hukka ja Mama,442.0,3,[],['fi (1)']
74eY8wbrhhVD7pACbBHwHw,Imany,253235.0,56,['french indie pop'],"['au (1)', 'at (1)', 'be (1)', 'bg (2)', 'cz (1)', 'dk (1)', 'ee (1)', 'fi (1)', 'fr (1)', 'de (1)', 'gr (2)', 'hu (1)', 'is (1)', 'ie (1)', 'it (2)', 'lv (1)', 'lt (1)', 'lu (1)', 'mt (1)', 'nl (1)', 'no (1)', 'pl (2)', 'pt (1)', 'sk (1)', 'es (1)', 'se (1)', 'ch (1)', 'tr (2)']"
53M4Iv2RkzzxFFvW2B1jhC,Breathe Carolina,348544.0,56,"['electropowerpop', 'neon pop punk', 'pop punk', 'screamo', 'trancecore']",['fi (1)']
5xfGIUk5qJJg86nhDIvXJs,Ac0osta,0.0,0,[],['ee (1)']
1PqJNj5Wyu1VUoH7JqGL8h,Min,70.0,1,[],['vn (1)']
5BachNQ3UX6HtmrpXs206O,Āris un Saulceris Ziemeļi,6.0,0,[],['lv (1)']
4rsCEjNqhX2FpQJvVL297X,Petter Pilgaard,432.0,14,[],['no (1)']
1SZXYhJz4sqEss888VmWLP,Mc Brinquedo,928324.0,50,"['funk carioca', 'funk mtg', 'funk ostentacao', 'funk paulista']",['br (2)']
5bavKfuSixZTrpyxC0qmfj,Vahtera,1520.0,28,"['finnish dance pop', 'finnish pop', 'iskelma']",['fi (2)']
1GDbiv3spRmZ1XdM1jQbT7,Natti Natasha,8355571.0,76,"['latin pop', 'rap latina', 'reggaeton', 'trap latino']","['us (1)', 'ar (13)', 'bo (17)', 'cl (15)', 'co (11)', 'cr (8)', 'do (19)', 'ec (15)', 'sv (11)', 'gr (1)', 'gt (12)', 'hn (10)', 'hu (1)', 'it (2)', 'jp (1)', 'lu (1)', 'mt (2)', 'mx (7)', 'nl (1)', 'ni (9)', 'pa (16)', 'py (15)', 'pe (16)', 'pt (1)', 'ro (1)', 'sk (1)', 'es (15)', 'se (1)', 'ch (2)', 'uy (17)']"
7tIsf2CtmTtj0UGJshHIyB,Reën,11212.0,31,['afrikaans'],['za (1)']
47WAtpqR2af9uiq2HWwWNM,Torino,11588.0,36,['bulgarian pop'],['bg (6)']
5OemWwf9Sner20swdWDZ4D,Dúné,12986.0,29,"['danish electropop', 'danish rock']",['dk (2)']
3XDNaJG2TakPZ48n2GJ0NN,Chilam,34165.0,43,"['c-pop', 'cantopop', 'classic cantopop']",['hk (2)']
2AdUWxNm17kkGZiPGuorth,MC Mari,60458.0,65,"['arrochadeira', 'brega funk', 'funk carioca']",['br (1)']
184bX1ApmIMyWU3TcpTy93,Afrodisiaco,16384.0,47,"['axe', 'pop peruano']",['pe (1)']
7rz6ZZErn5YFDteXKhyf3g,Disiz,253469.0,62,"['french hip hop', 'pop urbaine', 'rap conscient']","['be (1)', 'fr (8)', 'lu (1)', 'ma (1)', 'ch (1)']"
2vC9iXUwT0wCCbsz4jBiOc,RYM,24894.0,42,['moroccan pop'],['ma (3)']
3fll16LLw6kdDxWzSpJPEQ,Malu,88395.0,50,['arrocha'],"['br (1)', 'py (1)', 'pt (1)']"
3IaKn0ExWTMPqa0mscUYw3,Only The Family,272267.0,62,"['chicago rap', 'rap', 'southern hip hop', 'trap']",['us (2)']
5zwOFEgl0YcJG2RXJTwFdS,Khairil Johari Johar,1914.0,13,['classic malaysian pop'],['my (1)']
5QERdsBJhGnPU3rfYE1RIA,Birol Giray (BeeGee),3745.0,36,[],['tr (1)']
5SX5unumQnrXvAPdGd3yYt,AK,7852.0,30,"['czech hip hop', 'czsk hip hop']",['cz (1)']
0D3aCAn93PhCliXxLI5HBd,Knack,876.0,23,[],['ro (2)']
0vpwDjHfD1T65OcmvpcF0S,Aniceto Molina,231679.0,54,"['chicha', 'cumbia', 'cumbia salvadorena', 'tropical']",['sv (7)']
4KepPsJTbS1Ei7O7UUIlA9,Bigal & L Jake,4512.0,22,['pop reggaeton'],['pe (1)']
0Q35wRRhdsU8EbsJ1eouCY,The Black Seeds,117676.0,45,"['kiwi rock', 'nz reggae', 'pacific islands pop', 'reggae fusion', 'ska jazz']",['nz (2)']
7c1rIwBQdZMoJD4VE9luoS,Clara,16538.0,45,['danish pop'],"['dk (11)', 'lu (1)']"
6CSKMBCeQhddsPL63zvDhX,Dj Leska,202747.0,52,"['francoton', 'french hip hop', 'pop urbaine']",['fr (1)']
4GepMkTgrIZECoCC55vqjW,Marama,1064294.0,60,['cumbia pop'],"['ar (23)', 'bo (19)', 'cl (8)', 'ec (2)', 'py (14)', 'pe (5)', 'uy (25)']"
1BL6GqNelzfXpMcZRI3jwW,Tropical Caribe De Los Hnos Loera,1708.0,0,['pop paraguayo'],['py (1)']
0Ml6Mo4UAYkTAFsyU7Hfe8,Pappa Razzi feat. Laureen,5.0,0,[],['at (1)']
3gggmBN0erstm3YJvEGe3t,Jake Miller,302885.0,58,"['australian pop', 'indie pop rap', 'pop', 'post-teen pop']","['ph (1)', 'tw (1)']"
4XpUIb8uuNlIWVKmgKZXC0,ZICO,1188578.0,63,"['k-pop', 'k-rap', 'korean r&b']","['hk (3)', 'id (2)', 'my (2)', 'ph (1)', 'sg (3)', 'kr (5)', 'tw (3)', 'th (3)', 'vn (2)']"
6Snj1YTNoXMBkVNLCdXH3R,Hayat,17581.0,44,"['bangladeshi hip hop', 'turkish trap pop']",['tr (1)']
3OFUmiZcD0AWtjOYFJVpwM,Arash Buana,158183.0,60,['indonesian pop'],['id (1)']
1fIraGNUIufBhLMYTiXs6n,Smaug,414.0,31,[],['ma (1)']
4e9ntSageEujJboJQBXtCd,Ollie,7558.0,40,"['finnish dance pop', 'finnish hip hop', 'finnish pop', 'iskelma']",['fi (18)']
44hJXrVhoyA1fV1dn4wdHC,VI-EM,96879.0,37,['cumbia pop'],"['ar (3)', 'bo (1)', 'uy (9)']"
0uNMRBeGbxaCg1aFo8q4Lc,Rachel Mason,374.0,2,[],['hk (2)']
08MncONkAhZGX6iFrpS2KN,Tom-E,99.0,10,[],['ca (1)']
7e64FWu6WV3LEno23HDFvL,عبدالله ال فروان,118.0,0,[],['sa (3)']
0huJlE2YmhV88wRaT0fMbo,Altis,4526.0,28,"['finnish hip hop', 'suomirap']",['fi (1)']
6U3ybJ9UHNKEdsH7ktGBZ7,JID,987676.0,80,"['hip hop', 'rap']","['us (4)', 'ca (2)', 'za (1)']"
6CzVcrDqwjvTDr3uxyNgWG,Early B,39277.0,38,['cape town indie'],['za (1)']
295s7rUdwD6adgPiYMRUAM,Musa Eroğlu,586487.0,54,"['arabesk', 'baglama', 'turkish folk']",['tr (1)']
4ZwOlDVAGXQo66ykbLQ8dP,Lamin,7645.0,61,['danish pop'],['dk (25)']
6uFHaKpvZU2vPGs4IqqdvV,Henny x Zinny,5207.0,29,[],['nz (1)']
6jRD85dsXJYn5vv73rqSGi,Chi Pu,282974.0,38,['v-pop'],['vn (3)']
1xc92c686KGvnde4VRPF9S,Kaia-Liisa Kesler,94.0,6,[],['ee (1)']
7LQaY9LGXHzoJY8DvwpSid,Los Rivera Destino,39177.0,44,"['puerto rican indie', 'reggae en espanol']",['do (1)']
5iZMWWLoDJH1u6Ru2rOEsd,Keen' V,542581.0,59,"['francoton', 'french pop', 'variete francaise']",['fr (6)']
1db5TWniHR7iqwXer7AiQ2,Pappo,351889.0,51,"['argentine heavy metal', 'argentine rock', 'latin alternative', 'latin metal', 'latin rock', 'rock en espanol', 'rock nacional']","['ar (1)', 'uy (1)']"
2kMAJ8PtiGwWif9sfrozGA,Vadims Petrovs,0.0,0,[],['lv (2)']
4gEBX9EZfO1axr12JUzJwH,黃浩琳,1536.0,14,[],['hk (1)']
6YbvyuBTs8JbVj7iyurrJe,teamwork.,3390.0,35,['la pop'],['lu (1)']
4wJtkZRfieBICxs8onRjy6,Łobuzy,59035.0,45,"['classic disco polo', 'polish pop']",['pl (1)']
06nsZ3qSOYZ2hPVIMcr1IN,J.J. Cale,650504.0,61,"['blues', 'blues rock', 'classic rock', 'country rock', 'folk', 'folk rock', 'mellow gold', 'rock', 'roots rock', 'singer-songwriter']",['fr (1)']
4nt1XPtCN0pqYmZJTgAzIX,JCKPT,23936.0,33,"['czech hip hop', 'czsk hip hop']",['cz (1)']
0jRqFvRKCDryHOgrgFqsKG,Fools Garden,117424.0,58,['german pop rock'],"['id (1)', 'vn (1)']"
4Ptte3Co29nu4q1aqlLu6p,Twin n Twice,27187.0,35,"['moroccan pop', 'rif']",['be (1)']
1vSN1fsvrzpbttOYGsliDr,Tori Kelly,2052997.0,67,['dance pop'],"['us (4)', 'gb (1)', 'au (3)', 'be (1)', 'bg (1)', 'ca (6)', 'cz (1)', 'dk (1)', 'ee (1)', 'fi (1)', 'fr (1)', 'gr (1)', 'hk (1)', 'hu (1)', 'is (1)', 'id (1)', 'lv (1)', 'lt (1)', 'lu (1)', 'my (2)', 'mt (1)', 'nl (3)', 'nz (4)', 'no (2)', 'ph (2)', 'pl (1)', 'pt (1)', 'sg (1)', 'sk (1)', 'se (2)', 'ch (1)', 'tw (1)', 'tr (1)']"
5lzqFxifzjxYHGJxuwQqtR,Francesco Gabbani,602462.0,52,"['italian adult pop', 'italian pop']","['be (1)', 'bg (1)', 'ee (1)', 'gr (1)', 'hu (1)', 'is (1)', 'it (6)', 'lv (1)', 'lt (1)', 'mt (2)', 'pt (1)', 'es (1)', 'se (1)']"
5uEkXftDxMetSovVw4dAEe,The Mr,450.0,12,[],['do (1)']
5VKufGMVAZ6fs111xYNKnU,MACAN,320248.0,55,"['russian gangster rap', 'russian hip hop']","['ee (1)', 'lv (2)', 'ru (8)', 'ua (7)']"
